scenario,dataset,category,q_opt,recall_opt,fpr_opt,carbon_opt,recall_q99,fpr_q99,carbon_q99,recall_budget,fpr_budget,carbon_budget,saving_vs_q99,saving_vs_budget,rho_opt,rho_q99,rho_budget,fpr_cap,recall_cap,carbon_cap,rho_cap,saving_cap_vs_q99
precision_component,mvtec,bottle,0.9842553664,1,0.01075268817,0.9682432642,1,0.01075268817,0.9682432642,1,0.01075268817,0.9682432642,0,0,1.687741935,1.687741935,1.687741935,0.01075268817,1,0.9682432642,1.687741935,0
precision_component,mvtec,cable,0.7190275338,1,0.2686084142,1.052578332,0.8188405797,0.02265372168,1.299038833,0.7971014493,0.01294498382,1.335091845,0.2464605009,0.2825135137,9.067572816,1.778349515,1.470485437,0.02588996764,0.8623188406,1.221640525,1.930970874,0.07739830702
precision_component,mvtec,capsule,0.7364567126,0.9847094801,0.2587064677,1.076931599,0.7920489297,0.03482587065,1.351365573,0.7951070336,0.03482587065,1.345847208,0.2744339742,0.2689156085,8.763078187,2.089743941,2.093964124,0.05970149254,0.8532110092,1.249134157,2.886087909,0.1022314168
precision_component,mvtec,carpet,0.9956258218,0.9625468165,0.04761904762,1.047885364,0.9625468165,0.06349206349,1.05307684,0.9625468165,0.04761904762,1.047885364,0.00519147619,0,2.69117175,3.145457464,2.69117175,0.04761904762,0.9625468165,1.047885364,2.69117175,0.00519147619
precision_component,mvtec,grid,0.7307705522,0.9415204678,0.2882882883,1.164541531,0.6725146199,0.01351351351,1.560095416,0.6725146199,0.01351351351,1.560095416,0.3955538852,0.3955538852,9.550109056,1.314826932,1.314826932,0.02252252252,0.7076023392,1.499725945,1.621085823,0.06036947093
precision_component,mvtec,hazelnut,0.9674663335,0.9952380952,0.01129943503,0.9770149685,0.9857142857,0.008474576271,0.9932768289,0.9666666667,0.005649717514,1.026724457,0.01626186043,0.04970948806,1.696818402,1.602828087,1.495694915,0.01129943503,0.9952380952,0.9770149685,1.696818402,0.01626186043
precision_component,mvtec,leather,0.9998933866,1,0.09053497942,0.9943370998,1,0.1152263374,1.002412729,1,0.09053497942,0.9943370998,0.00807562963,0,3.971111111,4.677777778,3.971111111,0.09053497942,1,0.9943370998,3.971111111,0.00807562963
precision_component,mvtec,metal_nut,0.9511938625,0.9856630824,0.04545454545,1.005464005,0.9641577061,0.0101010101,1.032707743,0.9426523297,0.005050505051,1.069862481,0.02724373778,0.06439847556,2.661124145,1.619628543,1.44540567,0.0202020202,0.9677419355,1.029543648,1.913665689,0.003164095185
precision_component,mvtec,pill,0.6667051711,0.9338061466,0.3166666667,1.187743584,0.524822695,0.025,1.83036312,0.4893617021,0.02083333333,1.892989916,0.6426195359,0.7052463321,10.35165248,1.439755319,1.271569149,0.0375,0.6264775414,1.651014672,1.937789007,0.1793484476
precision_component,mvtec,screw,0.7067723185,0.9831932773,0.2952380952,1.091615739,0.5966386555,0.01587301587,1.697785722,0.4845938375,0.006349206349,1.896856332,0.6061699821,0.805240593,9.806521008,1.277647059,0.8504537815,0.03492063492,0.7170868347,1.486666084,1.989008403,0.2111196374
precision_component,mvtec,tile,0.9561346669,0.9920634921,0.04641350211,0.9942280697,0.9642857143,0.01265822785,1.033313123,0.9642857143,0.01265822785,1.033313123,0.03908505309,0.03908505309,2.697402049,1.692992767,1.692992767,0.02109704641,0.9761904762,1.014590939,1.950940325,0.01872218369
precision_component,mvtec,toothbrush,0.7871145677,0.9888888889,0.3472222222,1.098340061,0.9444444444,0.2638888889,1.151285058,0.9444444444,0.25,1.146742516,0.05294499696,0.0484024553,11.30216667,8.855833333,8.458333333,0.25,0.9444444444,1.146742516,8.458333333,0.004542541667
precision_component,mvtec,transistor,0.9131478287,1,0.114379085,1.002135624,0.9333333333,0.01633986928,1.090370995,0.9333333333,0.01633986928,1.090370995,0.08823537044,0.08823537044,4.653529412,1.755647059,1.755647059,0.02287581699,0.9416666667,1.077471115,1.954205882,0.01289987964
precision_component,mvtec,wood,0.9542213865,1,0.1497584541,1.013706907,0.9111111111,0.06763285024,1.147247155,0.8944444444,0.05797101449,1.174162218,0.1335402475,0.1604553112,5.666086957,3.192985507,2.893463768,0.07729468599,0.9444444444,1.090256998,3.515507246,0.05699015624
precision_component,mvtec,zipper,0.9267823361,0.9887955182,0.125,1.025827882,0.9691876751,0.04583333333,1.035317857,0.9355742297,0.0375,1.093247981,0.009489974395,0.06742009836,4.942037815,2.649228992,2.364342437,0.05,0.9719887955,1.031625982,2.772344538,0.003691874914
precision_component,visa,candle,0.6939825658,0.98,0.275,1.090758894,0.5633333333,0.008333333333,1.755419409,0.5033333333,0.004761904762,1.86252166,0.6646605153,0.7717627665,9.2229,1.0159,0.8308857143,0.03571428571,0.7066666667,1.505728909,1.997342857,0.2496905
precision_component,visa,capsules,0.5,0.7633333333,0.5463510848,1.570483998,0.3766666667,0.03353057199,2.100501531,0.2733333333,0.007889546351,2.278580874,0.5300175332,0.7080968766,16.68996805,1.47944497,0.6029988166,0.04733727811,0.43,2.008776897,1.948192899,0.09172463363
precision_component,visa,cashew,0.6211631781,0.9633333333,0.3880952381,1.157823254,0.5733333333,0.02619047619,1.743214764,0.5066666667,0.0119047619,1.858842806,0.58539151,0.7010195518,12.43668571,1.540771429,1.039914286,0.0380952381,0.65,1.608762945,1.987285714,0.1344518189
precision_component,visa,chewinggum,0.9252026056,0.9666666667,0.04761904762,1.040451072,0.9433333333,0.009523809524,1.070096658,0.9433333333,0.007142857143,1.069317937,0.0296455868,0.02886686537,2.696857143,1.574371429,1.506228571,0.01904761905,0.9566666667,1.04915147,1.865342857,0.02094518837
precision_component,visa,fryum,0.510560064,0.9266666667,0.419047619,1.234111837,0.6066666667,0.02619047619,1.683064579,0.5566666667,0.004761904762,1.766281364,0.4489527424,0.5321695274,13.27194286,1.586771429,0.9044857143,0.0380952381,0.6566666667,1.596732908,1.996485714,0.08633167069
precision_component,visa,macaroni1,0.5693982468,0.9566666667,0.4119047619,1.177640506,0.3066666667,0.008333333333,2.218575835,0.2466666667,0.005952380952,2.326067447,1.04093533,1.148426942,13.10891429,0.6617,0.5107571429,0.01666666667,0.37,2.107016008,0.9876,0.1115598269
precision_component,visa,macaroni2,0.5,0.8233333333,0.5285714286,1.456398597,0.1366666667,0.0119047619,2.526509862,0.09333333333,0.008333333333,2.603537021,1.070111266,1.147138424,16.26391429,0.5293142857,0.3673,0.025,0.1666666667,2.476657663,0.9455,0.04985219884
precision_component,visa,pcb1,0.652167804,0.9866666667,0.3475682088,1.102463233,0.5733333333,0.02609727165,1.743184281,0.3666666667,0.01067615658,2.111071753,0.6407210476,1.00860852,11.30900214,1.538103915,0.8115516014,0.03677342823,0.67,1.572240519,1.977055516,0.1709437613
precision_component,visa,pcb2,0.6291642603,0.9833333333,0.3571428571,1.111609765,0.5733333333,0.025,1.742825404,0.39,0.0130952381,2.069757815,0.6312156389,0.9581480505,11.57842857,1.5067,0.9129857143,0.0369047619,0.68,1.554238418,1.994614286,0.1885869856
precision_component,visa,pcb3,0.5,0.9766666667,0.5189125296,1.176548676,0.47,0.02364066194,1.928846389,0.4233333333,0.009456264775,2.008417456,0.7522977125,0.8318687804,16.1990766,1.325195745,0.8548382979,0.0401891253,0.5766666667,1.741778186,1.946012766,0.1870682026
precision_component,visa,pcb4,0.9149821577,1,0.1288416076,1.00686578,0.9166666667,0.01536643026,1.120127712,0.7833333333,0.004728132388,1.357249059,0.1132619311,0.3503832784,5.067446809,1.704787234,1.216319149,0.02482269504,0.9333333333,1.093145413,1.998425532,0.02698229828
precision_component,visa,pipe_fryum,0.9012801949,0.98,0.1214285714,1.040531362,0.77,0.009523809524,1.382877622,0.6533333333,0.004761904762,1.591845827,0.3423462598,0.5513144652,4.827685714,1.335171429,1.037885714,0.02857142857,0.8566666667,1.232716911,1.999914286,0.1501607101
machined_metal,mvtec,bottle,0.9842553664,1,0.01075268817,65.70026456,1,0.01075268817,65.70026456,1,0.01075268817,65.70026456,0,0,0.08086021505,0.08086021505,0.08086021505,0.01075268817,1,65.70026456,0.08086021505,0
machined_metal,mvtec,cable,0.7190275338,1,0.2686084142,65.78601405,0.8188405797,0.02265372168,119.5378699,0.7971014493,0.01294498382,125.994679,53.75185582,60.20866491,0.5811003236,0.09307865485,0.07293935556,0.2686084142,1,65.78601405,0.5811003236,53.75185582
machined_metal,mvtec,capsule,0.5601076643,0.996941896,0.3930348259,66.73614333,0.7920489297,0.03482587065,127.5033709,0.7951070336,0.03482587065,126.5946194,60.76722758,59.8584761,0.822304076,0.1150851248,0.1152686111,0.3930348259,0.996941896,66.73614333,0.822304076,60.76722758
machined_metal,mvtec,carpet,0.55061663,0.9925093633,0.5476190476,68.10472917,0.9625468165,0.06349206349,76.84745594,0.9625468165,0.04761904762,76.8421774,8.742726775,8.73744823,1.121931514,0.1809274122,0.1501337614,0.4126984127,0.9887640449,69.17282683,0.8599607633,7.674629108
machined_metal,mvtec,grid,0.510560064,0.9707602339,0.5675675676,74.57437204,0.6725146199,0.01351351351,163.0173064,0.6725146199,0.01351351351,163.0173064,88.44293437,88.44293437,1.159326695,0.06656709341,0.06656709341,0.4144144144,0.9532163743,79.73680498,0.8611569464,83.28050142
machined_metal,mvtec,hazelnut,0.9456965469,1,0.04237288136,65.7107798,0.9857142857,0.008474576271,69.94467462,0.9666666667,0.005649717514,75.60395874,4.233894818,9.89317894,0.1422033898,0.07558353511,0.06896045198,0.04237288136,1,65.7107798,0.1422033898,4.233894818
machined_metal,mvtec,leather,0.9998933866,1,0.09053497942,65.72679602,1,0.1152263374,65.73500709,1,0.09053497942,65.72679602,0.008211069959,0,0.2356378601,0.2835390947,0.2356378601,0.09053497942,1,65.72679602,0.2356378601,0.008211069959
machined_metal,mvtec,metal_nut,0.9202559527,0.9892473118,0.09090909091,68.92220791,0.9641577061,0.0101010101,76.35100608,0.9426523297,0.005050505051,82.73990149,7.428798178,13.81769359,0.2357184751,0.07744542196,0.06635711958,0.09090909091,0.9892473118,68.92220791,0.2357184751,7.428798178
machined_metal,mvtec,pill,0.5,0.9574468085,0.5541666667,78.52615618,0.524822695,0.025,206.9095149,0.4893617021,0.02083333333,217.4457794,128.3833587,138.9196232,1.132530142,0.0799893617,0.06977836879,0.475,0.9550827423,79.20233945,0.9788049645,127.7071754
machined_metal,mvtec,screw,0.5,1,0.526984127,65.87193646,0.5966386555,0.01587301587,185.5655243,0.4845938375,0.006349206349,218.8577897,119.6935878,152.9858532,1.082349206,0.06659197012,0.04139309057,0.4507936508,0.9971988796,66.67898526,0.9343716153,118.886539
machined_metal,mvtec,tile,0.7190275338,1,0.2067510549,65.76544349,0.9642857143,0.01265822785,76.31381735,0.9642857143,0.01265822785,76.31381735,10.54837386,10.54837386,0.4610970464,0.08241410488,0.08241410488,0.2067510549,1,65.76544349,0.4610970464,10.54837386
machined_metal,mvtec,toothbrush,0.7528047312,1,0.4166666667,65.83525057,0.9444444444,0.2638888889,82.29342985,0.9444444444,0.25,82.28881113,16.45817928,16.45356056,0.8683333333,0.5686111111,0.5416666667,0.4166666667,1,65.83525057,0.8683333333,16.45817928
machined_metal,mvtec,transistor,0.9131478287,1,0.114379085,65.73472534,0.9333333333,0.01633986928,85.5129049,0.9333333333,0.01633986928,85.5129049,19.77817956,19.77817956,0.2818954248,0.08769934641,0.08769934641,0.114379085,1,65.73472534,0.2818954248,19.77817956
machined_metal,mvtec,wood,0.9542213865,1,0.1497584541,65.74649069,0.9111111111,0.06763285024,92.1335564,0.8944444444,0.05797101449,97.08303896,26.38706571,31.33654827,0.350531401,0.1858743961,0.1661304348,0.1497584541,1,65.74649069,0.350531401,26.38706571
machined_metal,mvtec,zipper,0.55061663,0.9943977591,0.4708333333,67.51803523,0.9691876751,0.04583333333,74.8681745,0.9355742297,0.0375,84.85403301,7.350139269,17.33599778,0.9730805322,0.1470679272,0.1288844538,0.4708333333,0.9943977591,67.51803523,0.9730805322,7.350139269
machined_metal,visa,candle,0.6046393995,0.9933333333,0.3488095238,67.79376303,0.5633333333,0.008333333333,195.4600843,0.5033333333,0.004761904762,213.2886007,127.6663213,145.4948377,0.7362904762,0.04996666667,0.03943809524,0.3488095238,0.9933333333,67.79376303,0.7362904762,127.6663213
machined_metal,visa,capsules,0.5,0.7633333333,0.5463510848,136.2066542,0.3766666667,0.03353057199,250.9386541,0.2733333333,0.007889546351,281.6368399,114.7319999,145.4301857,1.105721105,0.08764930966,0.03170571992,0.4871794872,0.7366666667,144.1112897,0.9893282051,106.8273644
machined_metal,visa,cashew,0.510560064,0.9766666667,0.5095238095,72.79990388,0.5733333333,0.02619047619,192.4944053,0.5066666667,0.0119047619,212.3004369,119.6945014,139.5005331,1.04707619,0.08520952381,0.0534952381,0.4523809524,0.97,74.76197935,0.9358190476,117.732426
machined_metal,visa,chewinggum,0.5310158128,0.9866666667,0.4738095238,69.8164098,0.9433333333,0.009523809524,82.53902088,0.9433333333,0.007142857143,82.5382291,12.72261108,12.72181929,0.9783904762,0.07507619048,0.07045714286,0.4738095238,0.9866666667,69.8164098,0.9783904762,12.72261108
machined_metal,visa,fryum,0.510560064,0.9266666667,0.419047619,87.62790292,0.6066666667,0.02619047619,182.5890141,0.5566666667,0.004761904762,197.4399748,94.96111121,109.8120719,0.868552381,0.08720952381,0.04263809524,0.419047619,0.9266666667,87.62790292,0.868552381,94.96111121
machined_metal,visa,macaroni1,0.510560064,0.9666666667,0.4773809524,75.76083217,0.3066666667,0.008333333333,271.7315963,0.2466666667,0.005952380952,289.5605086,195.9707641,213.7996764,0.9841190476,0.03456666667,0.02634761905,0.4773809524,0.9666666667,75.76083217,0.9841190476,195.9707641
machined_metal,visa,macaroni2,0.5,0.8233333333,0.5285714286,118.3710375,0.1366666667,0.0119047619,322.2502789,0.09333333333,0.008333333333,335.1260997,203.8792414,216.7550622,1.074828571,0.0312952381,0.02176666667,0.4821428571,0.81,122.3177542,0.9839571429,199.9325247
machined_metal,visa,pcb1,0.5310158128,0.9933333333,0.4495848161,67.82727568,0.5733333333,0.02609727165,192.4943743,0.3666666667,0.01067615658,253.9026713,124.6670986,186.0753956,0.9317945433,0.085028707,0.04271174377,0.4495848161,0.9933333333,67.82727568,0.9317945433,124.6670986
machined_metal,visa,pcb2,0.510560064,0.9966666667,0.4928571429,66.8511267,0.5733333333,0.025,192.4940094,0.39,0.0130952381,246.9697019,125.6428827,180.1185752,1.015942857,0.0829,0.0488047619,0.4833333333,0.9933333333,67.83849869,0.9972666667,124.6555107
machined_metal,visa,pcb3,0.5,0.9766666667,0.5189125296,72.80302608,0.47,0.02364066194,223.20027,0.4233333333,0.009456264775,237.0631006,150.3972439,164.2600745,1.065290307,0.07406288416,0.04374515366,0.4728132388,0.9666666667,75.75931319,0.9752576832,147.4409568
machined_metal,visa,pcb4,0.9149821577,1,0.1288416076,65.73953483,0.9166666667,0.01536643026,90.46527676,0.7833333333,0.004728132388,130.0833037,24.72574194,64.34376885,0.3099527187,0.0848108747,0.05617257683,0.1288416076,1,65.73953483,0.3099527187,24.72574194
machined_metal,visa,pipe_fryum,0.7364567126,1,0.3404761905,65.80991356,0.77,0.009523809524,134.0470549,0.6533333333,0.004761904762,168.7143405,68.23714139,102.9044269,0.7205238095,0.06467619048,0.04843809524,0.3404761905,1,65.80991356,0.7205238095,68.23714139
high_value_component,mvtec,bottle,0.9842553664,1,0.01075268817,5698.31924,1,0.01075268817,5698.31924,1,0.01075268817,5698.31924,0,0,0.04331397849,0.04331397849,0.04331397849,0.01075268817,1,5698.31924,0.04331397849,0
high_value_component,mvtec,cable,0.7190275338,1,0.2686084142,5698.400861,0.8188405797,0.02265372168,7941.193351,0.7971014493,0.01294498382,8210.334719,2242.79249,2511.933858,0.1623530744,0.04186062685,0.03654489236,0.2686084142,1,5698.400861,0.1623530744,2242.79249
high_value_component,mvtec,capsule,0.5601076643,0.996941896,0.3930348259,5736.301544,0.7920489297,0.03482587065,8272.895093,0.7951070336,0.03482587065,8235.033796,2536.593549,2498.732251,0.2196772491,0.04645243964,0.04656971792,0.3930348259,0.996941896,5736.301544,0.2196772491,2536.593549
high_value_component,mvtec,carpet,0.55061663,0.9925093633,0.5476190476,5791.228087,0.9625468165,0.06349206349,6162.030477,0.9625468165,0.04761904762,6162.025453,370.8023898,370.7973654,0.2908710674,0.06622478152,0.05889700375,0.5476190476,0.9925093633,5791.228087,0.2908710674,370.8023898
high_value_component,mvtec,grid,0.510560064,0.9707602339,0.5675675676,6060.502636,0.6725146199,0.01351351351,9752.800118,0.6725146199,0.01351351351,9752.800118,3692.297481,3692.297481,0.2992462225,0.03202944919,0.03202944919,0.5675675676,0.9707602339,6060.502636,0.2992462225,3692.297481
high_value_component,mvtec,hazelnut,0.9456965469,1,0.04237288136,5698.329249,0.9857142857,0.008474576271,5875.184866,0.9666666667,0.005649717514,6111.005768,176.855617,412.676519,0.05791144068,0.04171443099,0.03967985876,0.04237288136,1,5698.329249,0.05791144068,176.855617
high_value_component,mvtec,leather,0.9998933866,1,0.09053497942,5698.344494,1,0.1152263374,5698.35231,1,0.09053497942,5698.344494,0.007815753498,0,0.08014547325,0.09154423868,0.08014547325,0.09053497942,1,5698.344494,0.08014547325,0.007815753498
high_value_component,mvtec,metal_nut,0.9202559527,0.9892473118,0.09090909091,5831.46982,0.9641577061,0.0101010101,6142.069725,0.9426523297,0.005050505051,6408.318542,310.5999053,576.8487216,0.07990581623,0.04163857934,0.0384822825,0.09090909091,0.9892473118,5831.46982,0.07990581623,310.5999053
high_value_component,mvtec,pill,0.5,0.9574468085,0.5541666667,6225.327179,0.524822695,0.025,11581.32494,0.4893617021,0.02083333333,12020.35356,5355.997762,5795.026383,0.2925491268,0.03166820035,0.02838472961,0.5541666667,0.9574468085,6225.327179,0.2925491268,5355.997762
high_value_component,mvtec,screw,0.5,1,0.526984127,5698.482647,0.5966386555,0.01587301587,10692.19419,0.4845938375,0.006349206349,12079.37821,4993.711544,6380.895565,0.2816322222,0.03020887021,0.02151528478,0.526984127,1,5698.482647,0.2816322222,4993.711544
high_value_component,mvtec,tile,0.7190275338,1,0.2067510549,5698.381281,0.9642857143,0.01265822785,6140.485711,0.9642857143,0.01265822785,6140.485711,442.10443,442.10443,0.1337966245,0.04282402803,0.04282402803,0.2067510549,1,5698.381281,0.1337966245,442.10443
high_value_component,mvtec,toothbrush,0.7528047312,1,0.4166666667,5698.447727,0.9444444444,0.2638888889,6386.212939,0.9444444444,0.25,6386.208543,687.7652121,687.7608157,0.2307041667,0.15804375,0.1516319444,0.4166666667,1,5698.447727,0.2307041667,687.7652121
high_value_component,mvtec,transistor,0.9131478287,1,0.114379085,5698.352042,0.9333333333,0.01633986928,6523.697295,0.9333333333,0.01633986928,6523.697295,825.3452533,825.3452533,0.09115310458,0.04333663399,0.04333663399,0.114379085,1,5698.352042,0.09115310458,825.3452533
high_value_component,mvtec,wood,0.9542213865,1,0.1497584541,5698.363241,0.9111111111,0.06763285024,6798.83896,0.8944444444,0.05797101449,7005.179973,1100.475719,1306.816733,0.1074859903,0.06616381643,0.06106426329,0.1497584541,1,5698.363241,0.1074859903,1100.475719
high_value_component,mvtec,zipper,0.55061663,0.9943977591,0.4708333333,5767.824225,0.9691876751,0.04583333333,6079.806779,0.9355742297,0.0375,6495.960252,311.9825545,728.1360275,0.2554953624,0.05832730567,0.05319114671,0.4708333333,0.9943977591,5767.824225,0.2554953624,311.9825545
high_value_component,visa,candle,0.6046393995,0.9933333333,0.3488095238,5780.963877,0.5633333333,0.008333333333,11104.53315,0.5033333333,0.004761904762,11847.37068,5323.569274,6066.406801,0.19912225,0.02545091667,0.02150116667,0.3488095238,0.9933333333,5780.963877,0.19912225,5323.569274
high_value_component,visa,capsules,0.5,0.7633333333,0.5463510848,8628.574594,0.3766666667,0.03353057199,13415.59473,0.2733333333,0.007889546351,14694.91986,4787.020134,6066.345262,0.2814968116,0.02992455523,0.01412454241,0.5463510848,0.7633333333,8628.574594,0.2814968116,4787.020134
high_value_component,visa,cashew,0.510560064,0.9766666667,0.5095238095,5987.35882,0.5733333333,0.02619047619,10980.73236,0.5066666667,0.0119047619,11806.10412,4993.37354,5818.745304,0.2726768333,0.03407816667,0.0249265,0.5095238095,0.9766666667,5987.35882,0.2726768333,4993.37354
high_value_component,visa,chewinggum,0.5310158128,0.9866666667,0.4738095238,5863.541072,0.9433333333,0.009523809524,6399.888695,0.9433333333,0.007142857143,6399.887941,536.3476221,536.3468685,0.2565728333,0.0405735,0.03947433333,0.4738095238,0.9866666667,5863.541072,0.2565728333,536.3476221
high_value_component,visa,fryum,0.510560064,0.9266666667,0.419047619,6606.362396,0.6066666667,0.02619047619,10568.04422,0.5566666667,0.004761904762,11187.06965,3961.681821,4580.707253,0.228991,0.0353565,0.0235465,0.419047619,0.9266666667,6606.362396,0.228991,3961.681821
high_value_component,visa,macaroni1,0.510560064,0.9666666667,0.4773809524,6111.155089,0.3066666667,0.008333333333,14282.23185,0.2466666667,0.005952380952,15025.06976,8171.076765,8913.914669,0.2574545833,0.01560775,0.01220758333,0.4773809524,0.9666666667,6111.155089,0.2574545833,8171.076765
high_value_component,visa,macaroni2,0.5,0.8233333333,0.5285714286,7885.730309,0.1366666667,0.0119047619,16386.94251,0.09333333333,0.008333333333,16923.43597,8501.212206,9037.705662,0.2755898333,0.010737,0.007426416667,0.5285714286,0.8233333333,7885.730309,0.2755898333,8501.212206
high_value_component,visa,pcb1,0.5310158128,0.9933333333,0.4495848161,5780.995776,0.5733333333,0.02609727165,10980.73233,0.3666666667,0.01067615658,13539.39394,5199.736555,7758.398162,0.2456451637,0.03403513879,0.01899031435,0.4495848161,0.9933333333,5780.995776,0.2456451637,5199.736555
high_value_component,visa,pcb2,0.510560064,0.9966666667,0.4928571429,5739.740659,0.5733333333,0.025,10980.73198,0.39,0.0130952381,13250.513,5240.991325,7510.772344,0.2657496667,0.03352858333,0.02100191667,0.4928571429,0.9966666667,5739.740659,0.2657496667,5240.991325
high_value_component,visa,pcb3,0.5,0.9766666667,0.5189125296,5987.361792,0.47,0.02364066194,12260.0648,0.4233333333,0.009456264775,12837.82371,6272.703005,6850.461916,0.2770111359,0.02893821158,0.02060031797,0.5189125296,0.9766666667,5987.361792,0.2770111359,6272.703005
high_value_component,visa,pcb4,0.9149821577,1,0.1288416076,5698.35662,0.9166666667,0.01536643026,6730.041059,0.7833333333,0.004728132388,8380.790264,1031.684439,2682.433644,0.09782972813,0.0422480792,0.03222357565,0.1288416076,1,5698.35662,0.09782972813,1031.684439
high_value_component,visa,pipe_fryum,0.7364567126,1,0.3404761905,5698.42361,0.77,0.009523809524,8545.867039,0.6533333333,0.004761904762,9990.274033,2847.443429,4291.850423,0.1955308333,0.03392616667,0.02725366667,0.3404761905,1,5698.42361,0.1955308333,2847.443429
