scenario,detector,recall_median,active_w,frame_mj,edge_cell_carbon,delta_C_median,delta_C_mean,share_beating_L0
high_value_component,padim,0.4246031746,1.963271254,65.47974626,0.4185738569,-2402.621961,-1967.93079,0.3333333333
high_value_component,patchcore,0.7920489297,0.8463432057,28.22335094,0.4091502427,2141.745531,1436.798663,0.5925925926
high_value_component,patchcore_448,0.8933333333,5.229176674,174.3977446,0.4448587426,3394.337158,2598.71524,0.8888888889
high_value_component,patchcore_wrn50,0.8348623853,3.130174042,104.3844004,0.427841142,2671.219071,1484.359169,0.6666666667
machined_metal,padim,0.4246031746,1.963271254,65.47974626,0.1046434642,-61.40822671,-50.96750876,0.3333333333
machined_metal,patchcore,0.7920489297,0.8463432057,28.22335094,0.1022875607,47.74371387,30.81180474,0.5925925926
machined_metal,patchcore_448,0.8933333333,5.229176674,174.3977446,0.1112146856,77.8212701,58.71146391,0.8518518519
machined_metal,patchcore_wrn50,0.8348623853,3.130174042,104.3844004,0.1069602855,60.45675753,31.94992259,0.6666666667
precision_component,padim,0.4246031746,1.963271254,65.47974626,0.006976230949,-0.1746241222,-0.1113653221,0.3333333333
precision_component,patchcore,0.7920489297,0.8463432057,28.22335094,0.006819170711,0.4868544867,0.384266498,0.8518518519
precision_component,patchcore_448,0.8933333333,5.229176674,174.3977446,0.007414312377,0.6685489967,0.5527654447,0.962962963
precision_component,patchcore_wrn50,0.8348623853,3.130174042,104.3844004,0.007130685699,0.5635977762,0.3908789858,0.8148148148
