scenario,detector,dataset,category,recall_q99,active_w,frame_mj,edge_cell_carbon,delta_C_vs_L0
precision_component,patchcore,mvtec,bottle,1,0.8463432057,28.22335094,0.006819170711,0.8611206798
precision_component,patchcore,mvtec,cable,0.8188405797,0.8463432057,28.22335094,0.006819170711,0.5350735647
precision_component,patchcore,mvtec,capsule,0.7920489297,0.8463432057,28.22335094,0.006819170711,0.4868544867
precision_component,patchcore,mvtec,carpet,0.9625468165,0.8463432057,28.22335094,0.006819170711,0.7937131863
precision_component,patchcore,mvtec,grid,0.6725146199,0.8463432057,28.22335094,0.006819170711,0.2717190177
precision_component,patchcore,mvtec,hazelnut,0.9857142857,0.8463432057,28.22335094,0.006819170711,0.8354095359
precision_component,patchcore,mvtec,leather,1,0.8463432057,28.22335094,0.006819170711,0.8611206798
precision_component,patchcore,mvtec,metal_nut,0.9641577061,0.8463432057,28.22335094,0.006819170711,0.7966124334
precision_component,patchcore,mvtec,pill,0.524822695,0.8463432057,28.22335094,0.006819170711,0.005906034054
precision_component,patchcore,mvtec,screw,0.5966386555,0.8463432057,28.22335094,0.006819170711,0.1351589687
precision_component,patchcore,mvtec,tile,0.9642857143,0.8463432057,28.22335094,0.006819170711,0.7968428199
precision_component,patchcore,mvtec,toothbrush,0.9444444444,0.8463432057,28.22335094,0.006819170711,0.7611328978
precision_component,patchcore,mvtec,transistor,0.9333333333,0.8463432057,28.22335094,0.006819170711,0.7411353414
precision_component,patchcore,mvtec,wood,0.9111111111,0.8463432057,28.22335094,0.006819170711,0.7011402286
precision_component,patchcore,mvtec,zipper,0.9691876751,0.8463432057,28.22335094,0.006819170711,0.8056652713
precision_component,patchcore,visa,candle,0.5633333333,0.8463432057,28.22335094,0.006819170711,0.07521671355
precision_component,patchcore,visa,capsules,0.3766666667,0.8463432057,28.22335094,0.006819170711,-0.2607422338
precision_component,patchcore,visa,cashew,0.57,0.8463432057,28.22335094,0.006819170711,0.08721524739
precision_component,patchcore,visa,chewinggum,0.9433333333,0.8463432057,28.22335094,0.006819170711,0.7591331422
precision_component,patchcore,visa,fryum,0.6066666667,0.8463432057,28.22335094,0.006819170711,0.1532071835
precision_component,patchcore,visa,macaroni1,0.3066666667,0.8463432057,28.22335094,0.006819170711,-0.3867268391
precision_component,patchcore,visa,macaroni2,0.1366666667,0.8463432057,28.22335094,0.006819170711,-0.6926894519
precision_component,patchcore,visa,pcb1,0.5733333333,0.8463432057,28.22335094,0.006819170711,0.0932145143
precision_component,patchcore,visa,pcb2,0.5733333333,0.8463432057,28.22335094,0.006819170711,0.0932145143
precision_component,patchcore,visa,pcb3,0.47,0.8463432057,28.22335094,0.006819170711,-0.09276276015
precision_component,patchcore,visa,pcb4,0.9166666667,0.8463432057,28.22335094,0.006819170711,0.7111390068
precision_component,patchcore,visa,pipe_fryum,0.77,0.8463432057,28.22335094,0.006819170711,0.4471712625
precision_component,patchcore_448,mvtec,bottle,0.9735449735,5.229176674,174.3977446,0.007414312377,0.8129123086
precision_component,patchcore_448,mvtec,cable,0.8442028986,5.229176674,174.3977446,0.007414312377,0.5801250191
precision_component,patchcore_448,mvtec,capsule,0.9663608563,5.229176674,174.3977446,0.007414312377,0.7999824775
precision_component,patchcore_448,mvtec,carpet,0.9625468165,5.229176674,174.3977446,0.007414312377,0.7931180447
precision_component,patchcore_448,mvtec,grid,0.9415204678,5.229176674,174.3977446,0.007414312377,0.7552752413
precision_component,patchcore_448,mvtec,hazelnut,0.9952380952,5.229176674,174.3977446,0.007414312377,0.8519551568
precision_component,patchcore_448,mvtec,leather,1,5.229176674,174.3977446,0.007414312377,0.8605255381
precision_component,patchcore_448,mvtec,metal_nut,0.9641577061,5.229176674,174.3977446,0.007414312377,0.7960172917
precision_component,patchcore_448,mvtec,pill,0.6241134752,5.229176674,174.3977446,0.007414312377,0.1840124602
precision_component,patchcore_448,mvtec,screw,0.7675070028,5.229176674,174.3977446,0.007414312377,0.4420892741
precision_component,patchcore_448,mvtec,tile,0.7142857143,5.229176674,174.3977446,0.007414312377,0.3463026594
precision_component,patchcore_448,mvtec,toothbrush,0.9888888889,5.229176674,174.3977446,0.007414312377,0.8405279817
precision_component,patchcore_448,mvtec,transistor,0.925,5.229176674,174.3977446,0.007414312377,0.7255420325
precision_component,patchcore_448,mvtec,wood,0.9388888889,5.229176674,174.3977446,0.007414312377,0.750538978
precision_component,patchcore_448,mvtec,zipper,0.9467787115,5.229176674,174.3977446,0.007414312377,0.7647389235
precision_component,patchcore_448,visa,candle,0.7,5.229176674,174.3977446,0.007414312377,0.3205915155
precision_component,patchcore_448,visa,capsules,0.6,5.229176674,174.3977446,0.007414312377,0.140613508
precision_component,patchcore_448,visa,cashew,0.6466666667,5.229176674,174.3977446,0.007414312377,0.2246032448
precision_component,patchcore_448,visa,chewinggum,0.9533333333,5.229176674,174.3977446,0.007414312377,0.7765358013
precision_component,patchcore_448,visa,fryum,0.8066666667,5.229176674,174.3977446,0.007414312377,0.5125680569
precision_component,patchcore_448,visa,macaroni1,0.58,5.229176674,174.3977446,0.007414312377,0.1046179065
precision_component,patchcore_448,visa,macaroni2,0.42,5.229176674,174.3977446,0.007414312377,-0.1833469056
precision_component,patchcore_448,visa,pcb1,0.8366666667,5.229176674,174.3977446,0.007414312377,0.5665614591
precision_component,patchcore_448,visa,pcb2,0.73,5.229176674,174.3977446,0.007414312377,0.3745849178
precision_component,patchcore_448,visa,pcb3,0.7133333333,5.229176674,174.3977446,0.007414312377,0.3445885832
precision_component,patchcore_448,visa,pcb4,0.8933333333,5.229176674,174.3977446,0.007414312377,0.6685489967
precision_component,patchcore_448,visa,pipe_fryum,0.95,5.229176674,174.3977446,0.007414312377,0.7705365344
precision_component,patchcore_wrn50,mvtec,bottle,1,3.130174042,104.3844004,0.007130685699,0.8608091648
precision_component,patchcore_wrn50,mvtec,cable,0.9528985507,3.130174042,104.3844004,0.007130685699,0.7760369149
precision_component,patchcore_wrn50,mvtec,capsule,0.8348623853,3.130174042,104.3844004,0.007130685699,0.5635977762
precision_component,patchcore_wrn50,mvtec,carpet,0.9625468165,3.130174042,104.3844004,0.007130685699,0.7934016713
precision_component,patchcore_wrn50,mvtec,grid,0.8304093567,3.130174042,104.3844004,0.007130685699,0.5555833041
precision_component,patchcore_wrn50,mvtec,hazelnut,1,3.130174042,104.3844004,0.007130685699,0.8608091648
precision_component,patchcore_wrn50,mvtec,leather,1,3.130174042,104.3844004,0.007130685699,0.8608091648
precision_component,patchcore_wrn50,mvtec,metal_nut,0.9784946237,3.130174042,104.3844004,0.007130685699,0.8221042169
precision_component,patchcore_wrn50,mvtec,pill,0.68321513,3.130174042,104.3844004,0.007130685699,0.2906660676
precision_component,patchcore_wrn50,mvtec,screw,0.6442577031,3.130174042,104.3844004,0.007130685699,0.2205512668
precision_component,patchcore_wrn50,mvtec,tile,0.9841269841,3.130174042,104.3844004,0.007130685699,0.8322412271
precision_component,patchcore_wrn50,mvtec,toothbrush,0.9777777778,3.130174042,104.3844004,0.007130685699,0.820814052
precision_component,patchcore_wrn50,mvtec,transistor,1,3.130174042,104.3844004,0.007130685699,0.8608091648
precision_component,patchcore_wrn50,mvtec,wood,0.9333333333,3.130174042,104.3844004,0.007130685699,0.7408238264
precision_component,patchcore_wrn50,mvtec,zipper,0.9915966387,3.130174042,104.3844004,0.007130685699,0.8456849625
precision_component,patchcore_wrn50,visa,candle,0.6066666667,3.130174042,104.3844004,0.007130685699,0.1528956685
precision_component,patchcore_wrn50,visa,capsules,0.2433333333,3.130174042,104.3844004,0.007130685699,-0.5010244255
precision_component,patchcore_wrn50,visa,cashew,0.5066666667,3.130174042,104.3844004,0.007130685699,-0.02708233904
precision_component,patchcore_wrn50,visa,chewinggum,0.9433333333,3.130174042,104.3844004,0.007130685699,0.7588216272
precision_component,patchcore_wrn50,visa,fryum,0.5433333333,3.130174042,104.3844004,0.007130685699,0.03890959706
precision_component,patchcore_wrn50,visa,macaroni1,0.1633333333,3.130174042,104.3844004,0.007130685699,-0.6450068316
precision_component,patchcore_wrn50,visa,macaroni2,0.02333333333,3.130174042,104.3844004,0.007130685699,-0.8969760421
precision_component,patchcore_wrn50,visa,pcb1,0.6033333333,3.130174042,104.3844004,0.007130685699,0.1468964016
precision_component,patchcore_wrn50,visa,pcb2,0.5566666667,3.130174042,104.3844004,0.007130685699,0.06290666473
precision_component,patchcore_wrn50,visa,pcb3,0.4633333333,3.130174042,104.3844004,0.007130685699,-0.105072809
precision_component,patchcore_wrn50,visa,pcb4,0.8866666667,3.130174042,104.3844004,0.007130685699,0.6568340896
precision_component,patchcore_wrn50,visa,pipe_fryum,0.6366666667,3.130174042,104.3844004,0.007130685699,0.2068890708
precision_component,padim,mvtec,bottle,0.9788359788,1.963271254,65.47974626,0.006976230949,0.8228730359
precision_component,padim,mvtec,cable,0.3514492754,1.963271254,65.47974626,0.006976230949,-0.3062850525
precision_component,padim,mvtec,capsule,0.4648318043,1.963271254,65.47974626,0.006976230949,-0.1022214361
precision_component,padim,mvtec,carpet,0.9400749064,1.963271254,65.47974626,0.006976230949,0.75311163
precision_component,padim,mvtec,grid,0.6608187135,1.963271254,65.47974626,0.006976230949,0.2505118981
precision_component,padim,mvtec,hazelnut,0.6333333333,1.963271254,65.47974626,0.006976230949,0.2010442586
precision_component,padim,mvtec,leather,1,1.963271254,65.47974626,0.006976230949,0.8609636195
precision_component,padim,mvtec,metal_nut,0.9426523297,1.963271254,65.47974626,0.006976230949,0.7577504253
precision_component,padim,mvtec,pill,0.2576832151,1.963271254,65.47974626,0.006976230949,-0.4750433395
precision_component,padim,mvtec,screw,0.1260504202,1.963271254,65.47974626,0.006976230949,-0.7119534211
precision_component,padim,mvtec,tile,0.4246031746,1.963271254,65.47974626,0.006976230949,-0.1746241222
precision_component,padim,mvtec,toothbrush,0.8444444444,1.963271254,65.47974626,0.006976230949,0.58099783
precision_component,padim,mvtec,transistor,0.3166666667,1.963271254,65.47974626,0.006976230949,-0.3688860986
precision_component,padim,mvtec,wood,0.9111111111,1.963271254,65.47974626,0.006976230949,0.7009831684
precision_component,padim,mvtec,zipper,0.487394958,1.963271254,65.47974626,0.006976230949,-0.0616127216
precision_component,padim,visa,candle,0.1366666667,1.963271254,65.47974626,0.006976230949,-0.6928465122
precision_component,padim,visa,capsules,0.09333333333,1.963271254,65.47974626,0.006976230949,-0.7708369821
precision_component,padim,visa,cashew,0.1266666667,1.963271254,65.47974626,0.006976230949,-0.7108443129
precision_component,padim,visa,chewinggum,0.8533333333,1.963271254,65.47974626,0.006976230949,0.5969958752
precision_component,padim,visa,fryum,0.18,1.963271254,65.47974626,0.006976230949,-0.6148560422
precision_component,padim,visa,macaroni1,0.1,1.963271254,65.47974626,0.006976230949,-0.7588384483
precision_component,padim,visa,macaroni2,0.01333333333,1.963271254,65.47974626,0.006976230949,-0.9148193881
precision_component,padim,visa,pcb1,0.3366666667,1.963271254,65.47974626,0.006976230949,-0.3328904971
precision_component,padim,visa,pcb2,0.1733333333,1.963271254,65.47974626,0.006976230949,-0.6268545761
precision_component,padim,visa,pcb3,0.14,1.963271254,65.47974626,0.006976230949,-0.6868472452
precision_component,padim,visa,pcb4,0.46,1.963271254,65.47974626,0.006976230949,-0.1109176211
precision_component,padim,visa,pipe_fryum,0.46,1.963271254,65.47974626,0.006976230949,-0.1109176211
machined_metal,patchcore,mvtec,bottle,1,0.8463432057,28.22335094,0.1022875607,109.5154792
machined_metal,patchcore,mvtec,cable,0.8188405797,0.8463432057,28.22335094,0.1022875607,55.70216062
machined_metal,patchcore,mvtec,capsule,0.7920489297,0.8463432057,28.22335094,0.1022875607,47.74371387
machined_metal,patchcore,mvtec,carpet,0.9625468165,0.8463432057,28.22335094,0.1022875607,98.39002907
machined_metal,patchcore,mvtec,grid,0.6725146199,0.8463432057,28.22335094,0.1022875607,12.23610468
machined_metal,patchcore,mvtec,hazelnut,0.9857142857,0.8463432057,28.22335094,0.1022875607,105.2719147
machined_metal,patchcore,mvtec,leather,1,0.8463432057,28.22335094,0.1022875607,109.5154792
machined_metal,patchcore,mvtec,metal_nut,0.9641577061,0.8463432057,28.22335094,0.1022875607,98.86854306
machined_metal,patchcore,mvtec,pill,0.524822695,0.8463432057,28.22335094,0.1022875607,-31.6357105
machined_metal,patchcore,mvtec,screw,0.5966386555,0.8463432057,28.22335094,0.1022875607,-10.30281402
machined_metal,patchcore,mvtec,tile,0.9642857143,0.8463432057,28.22335094,0.1022875607,98.90656783
machined_metal,patchcore,mvtec,toothbrush,0.9444444444,0.8463432057,28.22335094,0.1022875607,93.01272817
machined_metal,patchcore,mvtec,transistor,0.9333333333,0.8463432057,28.22335094,0.1022875607,89.71217797
machined_metal,patchcore,mvtec,wood,0.9111111111,0.8463432057,28.22335094,0.1022875607,83.11107755
machined_metal,patchcore,mvtec,zipper,0.9691876751,0.8463432057,28.22335094,0.1022875607,100.3626929
machined_metal,patchcore,visa,candle,0.5633333333,0.8463432057,28.22335094,0.1022875607,-20.19614393
machined_metal,patchcore,visa,capsules,0.3766666667,0.8463432057,28.22335094,0.1022875607,-75.64538741
machined_metal,patchcore,visa,cashew,0.57,0.8463432057,28.22335094,0.1022875607,-18.21581381
machined_metal,patchcore,visa,chewinggum,0.9433333333,0.8463432057,28.22335094,0.1022875607,92.68267315
machined_metal,patchcore,visa,fryum,0.6066666667,0.8463432057,28.22335094,0.1022875607,-7.323998123
machined_metal,patchcore,visa,macaroni1,0.3066666667,0.8463432057,28.22335094,0.1022875607,-96.43885371
machined_metal,patchcore,visa,macaroni2,0.1366666667,0.8463432057,28.22335094,0.1022875607,-146.9372719
machined_metal,patchcore,visa,pcb1,0.5733333333,0.8463432057,28.22335094,0.1022875607,-17.22564874
machined_metal,patchcore,visa,pcb2,0.5733333333,0.8463432057,28.22335094,0.1022875607,-17.22564874
machined_metal,patchcore,visa,pcb3,0.47,0.8463432057,28.22335094,0.1022875607,-47.92076567
machined_metal,patchcore,visa,pcb4,0.9166666667,0.8463432057,28.22335094,0.1022875607,84.76135266
machined_metal,patchcore,visa,pipe_fryum,0.77,0.8463432057,28.22335094,0.1022875607,41.19408992
machined_metal,patchcore_448,mvtec,bottle,0.9735449735,5.229176674,174.3977446,0.1112146856,101.6480992
machined_metal,patchcore_448,mvtec,cable,0.8442028986,5.229176674,174.3977446,0.1112146856,63.22709809
machined_metal,patchcore_448,mvtec,capsule,0.9663608563,5.229176674,174.3977446,0.1112146856,99.51406063
machined_metal,patchcore_448,mvtec,carpet,0.9625468165,5.229176674,174.3977446,0.1112146856,98.38110195
machined_metal,patchcore_448,mvtec,grid,0.9415204678,5.229176674,174.3977446,0.1112146856,92.13523521
machined_metal,patchcore_448,mvtec,hazelnut,0.9952380952,5.229176674,174.3977446,0.1112146856,108.0920306
machined_metal,patchcore_448,mvtec,leather,1,5.229176674,174.3977446,0.1112146856,109.5065521
machined_metal,patchcore_448,mvtec,metal_nut,0.9641577061,5.229176674,174.3977446,0.1112146856,98.85961593
machined_metal,patchcore_448,mvtec,pill,0.6241134752,5.229176674,174.3977446,0.1112146856,-2.150359178
machined_metal,patchcore_448,mvtec,screw,0.7675070028,5.229176674,174.3977446,0.1112146856,40.44461918
machined_metal,patchcore_448,mvtec,tile,0.7142857143,5.229176674,174.3977446,0.1112146856,24.63526104
machined_metal,patchcore_448,mvtec,toothbrush,0.9888888889,5.229176674,174.3977446,0.1112146856,106.2060019
machined_metal,patchcore_448,mvtec,transistor,0.925,5.229176674,174.3977446,0.1112146856,87.22783819
machined_metal,patchcore_448,mvtec,wood,0.9388888889,5.229176674,174.3977446,0.1112146856,91.35352595
machined_metal,patchcore_448,mvtec,zipper,0.9467787115,5.229176674,174.3977446,0.1112146856,93.69719395
machined_metal,patchcore_448,visa,candle,0.7,5.229176674,174.3977446,0.1112146856,20.39169649
machined_metal,patchcore_448,visa,capsules,0.6,5.229176674,174.3977446,0.1112146856,-9.313255372
machined_metal,patchcore_448,visa,cashew,0.6466666667,5.229176674,174.3977446,0.1112146856,4.549055498
machined_metal,patchcore_448,visa,chewinggum,0.9533333333,5.229176674,174.3977446,0.1112146856,95.64424121
machined_metal,patchcore_448,visa,fryum,0.8066666667,5.229176674,174.3977446,0.1112146856,52.07697848
machined_metal,patchcore_448,visa,macaroni1,0.58,5.229176674,174.3977446,0.1112146856,-15.25424574
machined_metal,patchcore_448,visa,macaroni2,0.42,5.229176674,174.3977446,0.1112146856,-62.78216873
machined_metal,patchcore_448,visa,pcb1,0.8366666667,5.229176674,174.3977446,0.1112146856,60.98846404
machined_metal,patchcore_448,visa,pcb2,0.73,5.229176674,174.3977446,0.1112146856,29.30318205
machined_metal,patchcore_448,visa,pcb3,0.7133333333,5.229176674,174.3977446,0.1112146856,24.35235674
machined_metal,patchcore_448,visa,pcb4,0.8933333333,5.229176674,174.3977446,0.1112146856,77.8212701
machined_metal,patchcore_448,visa,pipe_fryum,0.95,5.229176674,174.3977446,0.1112146856,94.65407615
machined_metal,patchcore_wrn50,mvtec,bottle,1,3.130174042,104.3844004,0.1069602855,109.5108065
machined_metal,patchcore_wrn50,mvtec,cable,0.9528985507,3.130174042,104.3844004,0.1069602855,95.51934365
machined_metal,patchcore_wrn50,mvtec,capsule,0.8348623853,3.130174042,104.3844004,0.1069602855,60.45675753
machined_metal,patchcore_wrn50,mvtec,carpet,0.9625468165,3.130174042,104.3844004,0.1069602855,98.38535635
machined_metal,patchcore_wrn50,mvtec,grid,0.8304093567,3.130174042,104.3844004,0.1069602855,59.13398753
machined_metal,patchcore_wrn50,mvtec,hazelnut,1,3.130174042,104.3844004,0.1069602855,109.5108065
machined_metal,patchcore_wrn50,mvtec,leather,1,3.130174042,104.3844004,0.1069602855,109.5108065
machined_metal,patchcore_wrn50,mvtec,metal_nut,0.9784946237,3.130174042,104.3844004,0.1069602855,103.1226448
machined_metal,patchcore_wrn50,mvtec,pill,0.68321513,3.130174042,104.3844004,0.1069602855,15.41001335
machined_metal,patchcore_wrn50,mvtec,screw,0.6442577031,3.130174042,104.3844004,0.1069602855,3.837728425
machined_metal,patchcore_wrn50,mvtec,tile,0.9841269841,3.130174042,104.3844004,0.1069602855,104.7957348
machined_metal,patchcore_wrn50,mvtec,toothbrush,0.9777777778,3.130174042,104.3844004,0.1069602855,102.9097061
machined_metal,patchcore_wrn50,mvtec,transistor,1,3.130174042,104.3844004,0.1069602855,109.5108065
machined_metal,patchcore_wrn50,mvtec,wood,0.9333333333,3.130174042,104.3844004,0.1069602855,89.70750524
machined_metal,patchcore_wrn50,mvtec,zipper,0.9915966387,3.130174042,104.3844004,0.1069602855,107.014592
machined_metal,patchcore_wrn50,visa,candle,0.6066666667,3.130174042,104.3844004,0.1069602855,-7.328670847
machined_metal,patchcore_wrn50,visa,capsules,0.2433333333,3.130174042,104.3844004,0.1069602855,-115.2566626
machined_metal,patchcore_wrn50,visa,cashew,0.5066666667,3.130174042,104.3844004,0.1069602855,-37.03362271
machined_metal,patchcore_wrn50,visa,chewinggum,0.9433333333,3.130174042,104.3844004,0.1069602855,92.67800043
machined_metal,patchcore_wrn50,visa,fryum,0.5433333333,3.130174042,104.3844004,0.1069602855,-26.14180703
machined_metal,patchcore_wrn50,visa,macaroni1,0.1633333333,3.130174042,104.3844004,0.1069602855,-139.0206241
machined_metal,patchcore_wrn50,visa,macaroni2,0.02333333333,3.130174042,104.3844004,0.1069602855,-180.6075567
machined_metal,patchcore_wrn50,visa,pcb1,0.6033333333,3.130174042,104.3844004,0.1069602855,-8.318835909
machined_metal,patchcore_wrn50,visa,pcb2,0.5566666667,3.130174042,104.3844004,0.1069602855,-22.18114678
machined_metal,patchcore_wrn50,visa,pcb3,0.4633333333,3.130174042,104.3844004,0.1069602855,-49.90576852
machined_metal,patchcore_wrn50,visa,pcb4,0.8866666667,3.130174042,104.3844004,0.1069602855,75.84519437
machined_metal,patchcore_wrn50,visa,pipe_fryum,0.6366666667,3.130174042,104.3844004,0.1069602855,1.582814712
machined_metal,padim,mvtec,bottle,0.9788359788,1.963271254,65.47974626,0.1046434642,103.226361
machined_metal,padim,mvtec,cable,0.3514492754,1.963271254,65.47974626,0.1046434642,-83.13855726
machined_metal,padim,mvtec,capsule,0.4648318043,1.963271254,65.47974626,0.1046434642,-49.45833162
machined_metal,padim,mvtec,carpet,0.9400749064,1.963271254,65.47974626,0.1046434642,91.71240309
machined_metal,padim,mvtec,grid,0.6608187135,1.963271254,65.47974626,0.1046434642,8.759485404
machined_metal,padim,mvtec,hazelnut,0.6333333333,1.963271254,65.47974626,0.1046434642,0.594966471
machined_metal,padim,mvtec,leather,1,1.963271254,65.47974626,0.1046434642,109.5131233
machined_metal,padim,mvtec,metal_nut,0.9426523297,1.963271254,65.47974626,0.1046434642,92.47802546
machined_metal,padim,mvtec,pill,0.2576832151,1.963271254,65.47974626,0.1046434642,-110.9917203
machined_metal,padim,mvtec,screw,0.1260504202,1.963271254,65.47974626,0.1046434642,-150.0931787
machined_metal,padim,mvtec,tile,0.4246031746,1.963271254,65.47974626,0.1046434642,-61.40822671
machined_metal,padim,mvtec,toothbrush,0.8444444444,1.963271254,65.47974626,0.1046434642,63.30542041
machined_metal,padim,mvtec,transistor,0.3166666667,1.963271254,65.47974626,0.1046434642,-93.47071443
machined_metal,padim,mvtec,wood,0.9111111111,1.963271254,65.47974626,0.1046434642,83.10872165
machined_metal,padim,mvtec,zipper,0.487394958,1.963271254,65.47974626,0.1046434642,-42.75595768
machined_metal,padim,visa,candle,0.1366666667,1.963271254,65.47974626,0.1046434642,-146.9396278
machined_metal,padim,visa,capsules,0.09333333333,1.963271254,65.47974626,0.1046434642,-159.8117736
machined_metal,padim,visa,cashew,0.1266666667,1.963271254,65.47974626,0.1046434642,-149.910123
machined_metal,padim,visa,chewinggum,0.8533333333,1.963271254,65.47974626,0.1046434642,65.94586057
machined_metal,padim,visa,fryum,0.18,1.963271254,65.47974626,0.1046434642,-134.067482
machined_metal,padim,visa,macaroni1,0.1,1.963271254,65.47974626,0.1046434642,-157.8314435
machined_metal,padim,visa,macaroni2,0.01333333333,1.963271254,65.47974626,0.1046434642,-183.5757351
machined_metal,padim,visa,pcb1,0.3366666667,1.963271254,65.47974626,0.1046434642,-87.52972406
machined_metal,padim,visa,pcb2,0.1733333333,1.963271254,65.47974626,0.1046434642,-136.0478121
machined_metal,padim,visa,pcb3,0.14,1.963271254,65.47974626,0.1046434642,-145.9494627
machined_metal,padim,visa,pcb4,0.46,1.963271254,65.47974626,0.1046434642,-50.89361676
machined_metal,padim,visa,pipe_fryum,0.46,1.963271254,65.47974626,0.1046434642,-50.89361676
high_value_component,patchcore,mvtec,bottle,1,0.8463432057,28.22335094,0.4091502427,4713.564939
high_value_component,patchcore,mvtec,cable,0.8188405797,0.8463432057,28.22335094,0.4091502427,2473.089272
high_value_component,patchcore,mvtec,capsule,0.7920489297,0.8463432057,28.22335094,0.4091502427,2141.745531
high_value_component,patchcore,mvtec,carpet,0.9625468165,0.8463432057,28.22335094,0.4091502427,4250.365476
high_value_component,patchcore,mvtec,grid,0.6725146199,0.8463432057,28.22335094,0.4091502427,663.4138381
high_value_component,patchcore,mvtec,hazelnut,0.9857142857,0.8463432057,28.22335094,0.4091502427,4536.88743
high_value_component,patchcore,mvtec,leather,1,0.8463432057,28.22335094,0.4091502427,4713.564939
high_value_component,patchcore,mvtec,metal_nut,0.9641577061,0.8463432057,28.22335094,0.4091502427,4270.288033
high_value_component,patchcore,mvtec,pill,0.524822695,0.8463432057,28.22335094,0.4091502427,-1163.155067
high_value_component,patchcore,mvtec,screw,0.5966386555,0.8463432057,28.22335094,0.4091502427,-274.9765131
high_value_component,patchcore,mvtec,tile,0.9642857143,0.8463432057,28.22335094,0.4091502427,4271.871165
high_value_component,patchcore,mvtec,toothbrush,0.9444444444,0.8463432057,28.22335094,0.4091502427,4026.485735
high_value_component,patchcore,mvtec,transistor,0.9333333333,0.8463432057,28.22335094,0.4091502427,3889.069894
high_value_component,patchcore,mvtec,wood,0.9111111111,0.8463432057,28.22335094,0.4091502427,3614.238212
high_value_component,patchcore,mvtec,zipper,0.9691876751,0.8463432057,28.22335094,0.4091502427,4332.495801
high_value_component,patchcore,visa,candle,0.5633333333,0.8463432057,28.22335094,0.4091502427,-686.8776094
high_value_component,patchcore,visa,capsules,0.3766666667,0.8463432057,28.22335094,0.4091502427,-2995.463737
high_value_component,patchcore,visa,cashew,0.57,0.8463432057,28.22335094,0.4091502427,-604.4281048
high_value_component,patchcore,visa,chewinggum,0.9433333333,0.8463432057,28.22335094,0.4091502427,4012.744151
high_value_component,patchcore,visa,fryum,0.6066666667,0.8463432057,28.22335094,0.4091502427,-150.9558297
high_value_component,patchcore,visa,macaroni1,0.3066666667,0.8463432057,28.22335094,0.4091502427,-3861.183535
high_value_component,patchcore,visa,macaroni2,0.1366666667,0.8463432057,28.22335094,0.4091502427,-5963.645901
high_value_component,patchcore,visa,pcb1,0.5733333333,0.8463432057,28.22335094,0.4091502427,-563.2033526
high_value_component,patchcore,visa,pcb2,0.5733333333,0.8463432057,28.22335094,0.4091502427,-563.2033526
high_value_component,patchcore,visa,pcb3,0.47,0.8463432057,28.22335094,0.4091502427,-1841.170673
high_value_component,patchcore,visa,pcb4,0.9166666667,0.8463432057,28.22335094,0.4091502427,3682.946132
high_value_component,patchcore,visa,pipe_fryum,0.77,0.8463432057,28.22335094,0.4091502427,1869.057032
high_value_component,patchcore_448,mvtec,bottle,0.9735449735,5.229176674,174.3977446,0.4448587426,4386.348657
high_value_component,patchcore_448,mvtec,cable,0.8442028986,5.229176674,174.3977446,0.4448587426,2786.720157
high_value_component,patchcore_448,mvtec,capsule,0.9663608563,5.229176674,174.3977446,0.4448587426,4297.499621
high_value_component,patchcore_448,mvtec,carpet,0.9625468165,5.229176674,174.3977446,0.4448587426,4250.329767
high_value_component,patchcore_448,mvtec,grid,0.9415204678,5.229176674,174.3977446,0.4448587426,3990.287963
high_value_component,patchcore_448,mvtec,hazelnut,0.9952380952,5.229176674,174.3977446,0.4448587426,4654.636728
high_value_component,patchcore_448,mvtec,leather,1,5.229176674,174.3977446,0.4448587426,4713.529231
high_value_component,patchcore_448,mvtec,metal_nut,0.9641577061,5.229176674,174.3977446,0.4448587426,4270.252325
high_value_component,patchcore_448,mvtec,pill,0.6241134752,5.229176674,174.3977446,0.4448587426,64.78056944
high_value_component,patchcore_448,mvtec,screw,0.7675070028,5.229176674,174.3977446,0.4448587426,1838.189366
high_value_component,patchcore_448,mvtec,tile,0.7142857143,5.229176674,174.3977446,0.4448587426,1179.979035
high_value_component,patchcore_448,mvtec,toothbrush,0.9888888889,5.229176674,174.3977446,0.4448587426,4576.11339
high_value_component,patchcore_448,mvtec,transistor,0.925,5.229176674,174.3977446,0.4448587426,3785.972305
high_value_component,patchcore_448,mvtec,wood,0.9388888889,5.229176674,174.3977446,0.4448587426,3957.742106
high_value_component,patchcore_448,mvtec,zipper,0.9467787115,5.229176674,174.3977446,0.4448587426,4055.3189
high_value_component,patchcore_448,visa,candle,0.7,5.229176674,174.3977446,0.4448587426,1003.301526
high_value_component,patchcore_448,visa,capsules,0.6,5.229176674,174.3977446,0.4448587426,-233.4410428
high_value_component,patchcore_448,visa,cashew,0.6466666667,5.229176674,174.3977446,0.4448587426,343.7054891
high_value_component,patchcore_448,visa,chewinggum,0.9533333333,5.229176674,174.3977446,0.4448587426,4136.382699
high_value_component,patchcore_448,visa,fryum,0.8066666667,5.229176674,174.3977446,0.4448587426,2322.493599
high_value_component,patchcore_448,visa,macaroni1,0.58,5.229176674,174.3977446,0.4448587426,-480.7895565
high_value_component,patchcore_448,visa,macaroni2,0.42,5.229176674,174.3977446,0.4448587426,-2459.577666
high_value_component,patchcore_448,visa,pcb1,0.8366666667,5.229176674,174.3977446,0.4448587426,2693.516369
high_value_component,patchcore_448,visa,pcb2,0.73,5.229176674,174.3977446,0.4448587426,1374.324296
high_value_component,patchcore_448,visa,pcb3,0.7133333333,5.229176674,174.3977446,0.4448587426,1168.200535
high_value_component,patchcore_448,visa,pcb4,0.8933333333,5.229176674,174.3977446,0.4448587426,3394.337158
high_value_component,patchcore_448,visa,pipe_fryum,0.95,5.229176674,174.3977446,0.4448587426,4095.157947
high_value_component,patchcore_wrn50,mvtec,bottle,1,3.130174042,104.3844004,0.427841142,4713.546249
high_value_component,patchcore_wrn50,mvtec,cable,0.9528985507,3.130174042,104.3844004,0.427841142,4131.022575
high_value_component,patchcore_wrn50,mvtec,capsule,0.8348623853,3.130174042,104.3844004,0.427841142,2671.219071
high_value_component,patchcore_wrn50,mvtec,carpet,0.9625468165,3.130174042,104.3844004,0.427841142,4250.346785
high_value_component,patchcore_wrn50,mvtec,grid,0.8304093567,3.130174042,104.3844004,0.427841142,2616.146571
high_value_component,patchcore_wrn50,mvtec,hazelnut,1,3.130174042,104.3844004,0.427841142,4713.546249
high_value_component,patchcore_wrn50,mvtec,leather,1,3.130174042,104.3844004,0.427841142,4713.546249
high_value_component,patchcore_wrn50,mvtec,metal_nut,0.9784946237,3.130174042,104.3844004,0.427841142,4447.580105
high_value_component,patchcore_wrn50,mvtec,pill,0.68321513,3.130174042,104.3844004,0.427841142,795.7329112
high_value_component,patchcore_wrn50,mvtec,screw,0.6442577031,3.130174042,104.3844004,0.427841142,313.9298286
high_value_component,patchcore_wrn50,mvtec,tile,0.9841269841,3.130174042,104.3844004,0.427841142,4517.237904
high_value_component,patchcore_wrn50,mvtec,toothbrush,0.9777777778,3.130174042,104.3844004,0.427841142,4438.714567
high_value_component,patchcore_wrn50,mvtec,transistor,1,3.130174042,104.3844004,0.427841142,4713.546249
high_value_component,patchcore_wrn50,mvtec,wood,0.9333333333,3.130174042,104.3844004,0.427841142,3889.051203
high_value_component,patchcore_wrn50,mvtec,zipper,0.9915966387,3.130174042,104.3844004,0.427841142,4609.618302
high_value_component,patchcore_wrn50,visa,candle,0.6066666667,3.130174042,104.3844004,0.427841142,-150.9745206
high_value_component,patchcore_wrn50,visa,capsules,0.2433333333,3.130174042,104.3844004,0.427841142,-4644.472519
high_value_component,patchcore_wrn50,visa,cashew,0.5066666667,3.130174042,104.3844004,0.427841142,-1387.717089
high_value_component,patchcore_wrn50,visa,chewinggum,0.9433333333,3.130174042,104.3844004,0.427841142,4012.72546
high_value_component,patchcore_wrn50,visa,fryum,0.5433333333,3.130174042,104.3844004,0.427841142,-934.244814
high_value_component,patchcore_wrn50,visa,macaroni1,0.1633333333,3.130174042,104.3844004,0.427841142,-5633.866574
high_value_component,patchcore_wrn50,visa,macaroni2,0.02333333333,3.130174042,104.3844004,0.427841142,-7365.30617
high_value_component,patchcore_wrn50,visa,pcb1,0.6033333333,3.130174042,104.3844004,0.427841142,-192.1992729
high_value_component,patchcore_wrn50,visa,pcb2,0.5566666667,3.130174042,104.3844004,0.427841142,-769.3458049
high_value_component,patchcore_wrn50,visa,pcb3,0.4633333333,3.130174042,104.3844004,0.427841142,-1923.638869
high_value_component,patchcore_wrn50,visa,pcb4,0.8866666667,3.130174042,104.3844004,0.427841142,3311.904671
high_value_component,patchcore_wrn50,visa,pipe_fryum,0.6366666667,3.130174042,104.3844004,0.427841142,220.0482499
high_value_component,padim,mvtec,bottle,0.9788359788,1.963271254,65.47974626,0.4185738569,4451.811057
high_value_component,padim,mvtec,cable,0.3514492754,1.963271254,65.47974626,0.4185738569,-3307.347374
high_value_component,padim,mvtec,capsule,0.4648318043,1.963271254,65.47974626,0.4185738569,-1905.097373
high_value_component,padim,mvtec,carpet,0.9400749064,1.963271254,65.47974626,0.4185738569,3972.436374
high_value_component,padim,mvtec,grid,0.6608187135,1.963271254,65.47974626,0.4185738569,518.7561609
high_value_component,padim,mvtec,hazelnut,0.6333333333,1.963271254,65.47974626,0.4185738569,178.8327649
high_value_component,padim,mvtec,leather,1,1.963271254,65.47974626,0.4185738569,4713.555516
high_value_component,padim,mvtec,metal_nut,0.9426523297,1.963271254,65.47974626,0.4185738569,4004.312466
high_value_component,padim,mvtec,pill,0.2576832151,1.963271254,65.47974626,0.4185738569,-4466.992155
high_value_component,padim,mvtec,screw,0.1260504202,1.963271254,65.47974626,0.4185738569,-6094.950965
high_value_component,padim,mvtec,tile,0.4246031746,1.963271254,65.47974626,0.4185738569,-2402.621961
high_value_component,padim,mvtec,toothbrush,0.8444444444,1.963271254,65.47974626,0.4185738569,2789.733743
high_value_component,padim,mvtec,transistor,0.3166666667,1.963271254,65.47974626,0.4185738569,-3737.518702
high_value_component,padim,mvtec,wood,0.9111111111,1.963271254,65.47974626,0.4185738569,3614.228788
high_value_component,padim,mvtec,zipper,0.487394958,1.963271254,65.47974626,0.4185738569,-1626.049247
high_value_component,padim,visa,candle,0.1366666667,1.963271254,65.47974626,0.4185738569,-5963.655325
high_value_component,padim,visa,capsules,0.09333333333,1.963271254,65.47974626,0.4185738569,-6499.577105
high_value_component,padim,visa,cashew,0.1266666667,1.963271254,65.47974626,0.4185738569,-6087.329582
high_value_component,padim,visa,chewinggum,0.8533333333,1.963271254,65.47974626,0.4185738569,2899.666415
high_value_component,padim,visa,fryum,0.18,1.963271254,65.47974626,0.4185738569,-5427.733545
high_value_component,padim,visa,macaroni1,0.1,1.963271254,65.47974626,0.4185738569,-6417.1276
high_value_component,padim,visa,macaroni2,0.01333333333,1.963271254,65.47974626,0.4185738569,-7488.971159
high_value_component,padim,visa,pcb1,0.3366666667,1.963271254,65.47974626,0.4185738569,-3490.170188
high_value_component,padim,visa,pcb2,0.1733333333,1.963271254,65.47974626,0.4185738569,-5510.18305
high_value_component,padim,visa,pcb3,0.14,1.963271254,65.47974626,0.4185738569,-5922.430573
high_value_component,padim,visa,pcb4,0.46,1.963271254,65.47974626,0.4185738569,-1964.854354
high_value_component,padim,visa,pipe_fryum,0.46,1.963271254,65.47974626,0.4185738569,-1964.854354
