scenario,baseline,policy,delta_M,delta_E,delta_C,delta_H,wf_mat,wf_recycle,wf_rework,wf_review,wf_edge,wf_hardware,wf_escape,S_M,S_E,S_C,S_H,sqi_balanced,sqi_material_priority,sqi_carbon_priority,sqi_human_centered,sqi_weight_robustness
precision_component,N0_NoInspection,B0_Raw,-0.1318783948,-12.54357912,6.556314451,-132.6658978,-0.4615743817,-0.04395946492,-0.3018568248,-2.728937517,-0.004751804444,-0.005555555556,10.10295,-1,-1,0.6424609947,-1,-0.5893847513,-0.5893847513,-0.1787695026,-0.6715078011,0.0573
precision_component,N0_NoInspection,B1_EMA,-0.1319585667,-9.955021041,7.18243818,-102.2175133,-0.4618549833,-0.04398618889,-0.3017490381,-2.102614249,-0.004751804444,-0.005555555556,10.10295,-1,-1,0.7038155983,-1,-0.5740461004,-0.5740461004,-0.1480922009,-0.6592368803,0.0684
precision_component,N0_NoInspection,B2_EMA_kofN,-0.1327054605,-10.11205047,7.141573965,-104.113735,-0.4644691118,-0.0442351535,-0.3007448809,-2.141619529,-0.004751804444,-0.005555555556,10.10295,-1,-1,0.6998112655,-1,-0.5750471836,-0.5750471836,-0.1500943672,-0.6600377469,0.06755
precision_component,N0_NoInspection,B3_Full_Policy,-0.1327054605,-1.341903105,9.263949628,-0.9355306759,-0.4644691118,-0.0442351535,-0.3007448809,-0.019243866,-0.004751804444,-0.005555555556,10.10295,-1,-1,0.9077853628,-1,-0.5230536593,-0.5230536593,-0.04610731858,-0.6184429274,0.10775
precision_component,L0_Manual,B0_Raw,0.1151010736,-12.36846505,-0.1083033164,-132.1103422,0.4028537574,0.03836702452,-0.2709069989,-2.71750974,-0.004751804444,-0.005555555556,2.4492,0.466034988,-0.9860395456,-0.02968283098,-0.995812371,-0.3863749399,-0.09498275064,-0.2915159321,-0.5818434354,0.0936
precision_component,L0_Manual,B1_EMA,0.1150209017,-9.779906976,0.5178204126,-101.6619578,0.4025731558,0.03834030055,-0.2707992122,-2.091186471,-0.004751804444,-0.005555555556,2.4492,0.4657103784,-0.9824094732,0.1462611601,-0.994564967,-0.3412507254,-0.05041120571,-0.2026795029,-0.5455351157,0.1379
precision_component,L0_Manual,B2_EMA_kofN,0.1142740078,-9.936936407,0.4769561972,-103.5581794,0.3999590273,0.03809133594,-0.2697950549,-2.130191751,-0.004751804444,-0.005555555556,2.4492,0.4626862653,-0.9826826354,0.1347188427,-0.9946639552,-0.3449853706,-0.05471345851,-0.2089737592,-0.5483876646,0.1347
precision_component,L0_Manual,B3_Full_Policy,0.1142740078,-1.16678904,2.59933186,-0.3799751204,0.3999590273,0.03809133594,-0.2697950549,-0.007816088226,-0.004751804444,-0.005555555556,2.4492,0.4626862653,-0.8695031972,0.7341952619,-0.4061599797,-0.01969541242,0.2004081583,0.2016759343,-0.1172634773,0.48125
precision_component,B0_Raw,B1_EMA,-8.017190262e-05,2.588558077,0.6261237291,30.44838444,-0.0002806016592,-2.672396754e-05,0.0001077866691,0.626323268,0,0,0,-0.0006075536029,0.2063651891,0.1716025458,0.2295117657,0.1517179868,0.1080087806,0.1614099426,0.1799400373,1
precision_component,B0_Raw,B2_EMA_kofN,-0.0008270657439,2.431528646,0.5852595136,28.55216278,-0.002894730104,-0.0002756885813,0.001111943945,0.5873179883,0,0,0,-0.006232341463,0.193846479,0.1604028371,0.2152185547,0.1408088823,0.09865591066,0.1503186463,0.1678319654,0.9999
precision_component,B0_Raw,B3_Full_Policy,-0.0008270657439,11.20167601,2.707635177,131.7303671,-0.002894730104,-0.0002756885813,0.001111943945,2.709693651,0,0,0,-0.006232341463,0.8930207167,0.742085099,0.9929482204,0.6554554236,0.4656120616,0.6976540747,0.7779093863,1
precision_component,B1_EMA,B0_Raw,8.017190262e-05,-2.588558077,-0.6261237291,-30.44838444,0.0002806016592,2.672396754e-05,-0.0001077866691,-0.626323268,0,0,0,0.0006075536029,-0.2063651891,-0.1716025458,-0.2295117657,-0.1517179868,-0.1080087806,-0.1614099426,-0.1799400373,0
precision_component,B1_EMA,B2_EMA_kofN,-0.0007468938413,-0.1570294314,-0.04086421547,-1.896221667,-0.002614128444,-0.0002489646138,0.001004157276,-0.03900527968,0,0,0,-0.005628207298,-0.01552894063,-0.01333938375,-0.01821298282,-0.01317737862,-0.01092882774,-0.01335165852,-0.01494794035,0
precision_component,B1_EMA,B3_Full_Policy,-0.0007468938413,8.613117936,2.081511447,101.2819827,-0.002614128444,-0.0002489646138,0.001004157276,2.083370383,0,0,0,-0.005628207298,0.8652033884,0.6886580231,0.9908476479,0.634770213,0.4480394679,0.6651526053,0.7620917057,1
precision_component,B2_EMA_kofN,B0_Raw,0.0008270657439,-2.431528646,-0.5852595136,-28.55216278,0.002894730104,0.0002756885813,-0.001111943945,-0.5873179883,0,0,0,0.006232341463,-0.193846479,-0.1604028371,-0.2152185547,-0.1408088823,-0.09865591066,-0.1503186463,-0.1678319654,0.0001
precision_component,B2_EMA_kofN,B1_EMA,0.0007468938413,0.1570294314,0.04086421547,1.896221667,0.002614128444,0.0002489646138,-0.001004157276,0.03900527968,0,0,0,0.005628207298,0.01552894063,0.01333938375,0.01821298282,0.01317737862,0.01092882774,0.01335165852,0.01494794035,1
precision_component,B2_EMA_kofN,B3_Full_Policy,0,8.770147368,2.122375663,103.1782043,0,0,0,2.122375663,0,0,0,0,0.867296637,0.6928111332,0.9910143395,0.6377805274,0.4519494298,0.6685170449,0.7641638919,1
machined_metal,N0_NoInspection,B0_Raw,-2.728753241,-81.40485528,329.059504,-633.4865067,-22.48492671,-9.277761021,-6.597880469,-13.03081744,-0.07127706667,-0.08333333333,380.6055,-1,-1,0.8559227571,-1,-0.5360193107,-0.5360193107,-0.07203862146,-0.6288154486,0.0975
machined_metal,N0_NoInspection,B1_EMA,-2.729260338,-36.23006306,339.9859011,-102.075635,-22.48910519,-9.279485149,-6.596702383,-2.099695812,-0.07127706667,-0.08333333333,380.6055,-1,-1,0.8843436105,-1,-0.5289140974,-0.5289140974,-0.05782819473,-0.6231312779,0.10385
machined_metal,N0_NoInspection,B2_EMA_kofN,-2.733988887,-36.17609674,339.9439206,-101.974785,-22.52806843,-9.295562216,-6.585717017,-2.097621327,-0.07127706667,-0.08333333333,380.6055,-1,-1,0.8842344144,-1,-0.5289413964,-0.5289413964,-0.05788279281,-0.6231531171,0.1038
machined_metal,N0_NoInspection,B3_Full_Policy,-2.733988887,-27.80644508,341.9693763,-3.508294889,-22.52806843,-9.295562216,-6.585717017,-0.07216562586,-0.07127706667,-0.08333333333,380.6055,-1,-1,0.8895028646,-1,-0.5276242838,-0.5276242838,-0.05524856768,-0.6220994271,0.105
machined_metal,L0_Manual,B0_Raw,1.198814438,-78.3733939,87.1725054,-630.7087289,9.878230971,4.07596909,-5.921405703,-12.97367855,-0.07127706667,-0.08333333333,92.268,0.3052307525,-0.9627606808,0.6114665412,-0.9956150956,-0.2604196207,-0.003535892549,0.009623482984,-0.4741437288,0.23615
machined_metal,L0_Manual,B1_EMA,1.198307342,-33.19860168,98.09890252,-99.29785722,9.874052495,4.074244961,-5.920227616,-2.042556923,-0.07127706667,-0.08333333333,92.268,0.3051016403,-0.9163274604,0.6881091273,-0.9727870635,-0.223975939,0.02595584141,0.06063625812,-0.4404555793,0.27085
machined_metal,L0_Manual,B2_EMA_kofN,1.193578793,-33.14463536,98.05692206,-99.19700722,9.83508925,4.058167895,-5.909242251,-2.040482439,-0.07127706667,-0.08333333333,92.268,0.3038977021,-0.9162026404,0.6878146578,-0.9727601507,-0.2243126078,0.02536321171,0.06033743352,-0.4406628845,0.2702
machined_metal,L0_Manual,B3_Full_Policy,1.193578793,-24.7749837,100.0823778,-0.7305171111,9.83508925,4.058167895,-5.909242251,-0.01502673698,-0.07127706667,-0.08333333333,92.268,0.3038977021,-0.8909799013,0.7020221007,-0.2082256863,-0.02332144623,0.1473786529,0.1871658724,-0.05177075292,0.48565
machined_metal,B0_Raw,B1_EMA,-0.0005070965723,45.17479222,10.92639711,531.4108717,-0.004178475755,-0.001724128346,0.001178086757,10.93112163,0,0,0,-0.0001858000005,0.5549397768,0.1972612252,0.8388669152,0.3977205293,0.2583027001,0.3354207352,0.5420987992,1
machined_metal,B0_Raw,B2_EMA_kofN,-0.005235645671,45.22875854,10.88441665,531.5117217,-0.04314172033,-0.01780119528,0.01216345202,10.93319611,0,0,0,-0.001915020831,0.5556027142,0.1965033251,0.8390261135,0.397304283,0.2574583961,0.3349388693,0.5418668758,1
machined_metal,B0_Raw,B3_Full_Policy,-0.005235645671,53.5984102,12.90987235,629.9782118,-0.04314172033,-0.01780119528,0.01216345202,12.95865182,0,0,0,-0.001915020831,0.658417855,0.2330701704,0.9944619264,0.4710087327,0.3053377504,0.397100692,0.6423204224,1
machined_metal,B1_EMA,B0_Raw,0.0005070965723,-45.17479222,-10.92639711,-531.4108717,0.004178475755,0.001724128346,-0.001178086757,-10.93112163,0,0,0,0.0001858000005,-0.5549397768,-0.1972612252,-0.8388669152,-0.3977205293,-0.2583027001,-0.3354207352,-0.5420987992,0
machined_metal,B1_EMA,B2_EMA_kofN,-0.004728549099,0.05396632135,-0.04198046174,0.10085,-0.03896324457,-0.01607706694,0.01098536527,0.0020744845,0,0,0,-0.00172954218,0.001489545333,-0.0009432522998,0.0009879928741,-4.881406808e-05,-0.0006424763247,-0.0002849494791,0.0002693464501,0.47515
machined_metal,B1_EMA,B3_Full_Policy,-0.004728549099,8.423617981,1.98347524,98.56734011,-0.03896324457,-0.01607706694,0.01098536527,2.027530186,0,0,0,-0.00172954218,0.2325035418,0.04460846588,0.9656304378,0.3102532258,0.1900939194,0.2133900756,0.526353012,1
machined_metal,B2_EMA_kofN,B0_Raw,0.005235645671,-45.22875854,-10.88441665,-531.5117217,0.04314172033,0.01780119528,-0.01216345202,-10.93319611,0,0,0,0.001915020831,-0.5556027142,-0.1965033251,-0.8390261135,-0.397304283,-0.2574583961,-0.3349388693,-0.5418668758,0
machined_metal,B2_EMA_kofN,B1_EMA,0.004728549099,-0.05396632135,0.04198046174,-0.10085,0.03896324457,0.01607706694,-0.01098536527,-0.0020744845,0,0,0,0.00172954218,-0.001489545333,0.0009432522998,-0.0009879928741,4.881406808e-05,0.0006424763247,0.0002849494791,-0.0002693464501,0.52485
machined_metal,B2_EMA_kofN,B3_Full_Policy,0,8.369651659,2.025455702,98.46649011,0,0,0,2.025455702,0,0,0,0,0.2313586156,0.04550964114,0.9655964473,0.310616176,0.1909206697,0.2138660108,0.5266039442,1
high_value_component,N0_NoInspection,B0_Raw,-62.01527469,-218.1909926,4476.249942,-2284.064087,-1395.343681,-186.0458241,-5.533913687,-46.98319826,-0.2851082667,-0.3333333333,6110.775,-1,-1,0.7251923761,-1,-0.568701906,-0.568701906,-0.1374038119,-0.6549615248,0.07275
high_value_component,N0_NoInspection,B1_EMA,-62.02818983,-36.32963764,4519.931054,-144.6628175,-1395.634271,-186.0845695,-5.530949887,-2.975714156,-0.2851082667,-0.3333333333,6110.775,-1,-1,0.7322691055,-1,-0.5669327236,-0.5669327236,-0.1338654472,-0.6535461789,0.07405
high_value_component,N0_NoInspection,B2_EMA_kofN,-62.1483983,-35.73441615,4517.009781,-139.00128,-1398.338962,-186.4451949,-5.503364113,-2.85925633,-0.2851082667,-0.3333333333,6110.775,-1,-1,0.7317958333,-1,-0.5670510417,-0.5670510417,-0.1341020833,-0.6536408333,0.07405
high_value_component,N0_NoInspection,B3_Full_Policy,-62.1483983,-24.94733352,4519.620255,-12.09442543,-1398.338962,-186.4451949,-5.503364113,-0.2487823311,-0.2851082667,-0.3333333333,6110.775,-1,-1,0.7322187534,-1,-0.5669453117,-0.5669453117,-0.1338906233,-0.6535562493,0.07405
high_value_component,L0_Manual,B0_Raw,3.234725307,-217.4826593,1510.921358,-2275.730753,72.7813194,9.70417592,-5.533913687,-46.8117816,-0.2851082667,-0.3333333333,1481.4,0.0495743342,-0.9967536087,0.4711071415,-0.9963515326,-0.3681059164,-0.1588805354,-0.1058137308,-0.5460312292,0.1145
high_value_component,L0_Manual,B1_EMA,3.221810175,-35.62130431,1554.60247,-136.3294842,72.49072893,9.665430524,-5.530949887,-2.804297489,-0.2851082667,-0.3333333333,1481.4,0.04937640114,-0.980502604,0.4847269661,-0.9423947807,-0.3471985043,-0.1450334857,-0.08768979468,-0.5139209275,0.12295
high_value_component,L0_Manual,B2_EMA_kofN,3.101601695,-35.02608282,1551.681198,-130.6679467,69.78603814,9.304805085,-5.503364113,-2.687839663,-0.2851082667,-0.3333333333,1481.4,0.04753412559,-0.9801778395,0.4838161097,-0.9400485137,-0.3472190295,-0.145689569,-0.08800467128,-0.513157592,0.12255
high_value_component,L0_Manual,B3_Full_Policy,3.101601695,-24.23900018,1554.291672,-3.761092097,69.78603814,9.304805085,-5.503364113,-0.07736566444,-0.2851082667,-0.3333333333,1481.4,0.04753412559,-0.971606852,0.4846300587,-0.3109773274,-0.1876049988,-0.04983975572,0.008477178667,-0.1971735609,0.22125
high_value_component,B0_Raw,B1_EMA,-0.01291513222,181.861355,43.68111204,2139.401269,-0.2905904749,-0.03874539665,0.002963800169,44.00748411,0,0,0,-0.0002082139146,0.8334961622,0.02575157585,0.9366642914,0.4489259539,0.2718682657,0.320043432,0.5984756531,1
high_value_component,B0_Raw,B2_EMA_kofN,-0.1331236118,182.4565765,40.75983941,2145.062807,-2.995281266,-0.3993708354,0.03054957367,44.12394193,0,0,0,-0.00214202804,0.836224146,0.02402938129,0.9391430036,0.4493136257,0.2713485051,0.3198096662,0.5994896957,1
high_value_component,B0_Raw,B3_Full_Policy,-0.1331236118,193.2436591,43.3703134,2271.969661,-2.995281266,-0.3993708354,0.03054957367,46.73441593,0,0,0,-0.00214202804,0.8856628625,0.02556834896,0.994704866,0.4759485124,0.2874833339,0.3388011727,0.634994228,1
high_value_component,B1_EMA,B0_Raw,0.01291513222,-181.861355,-43.68111204,-2139.401269,0.2905904749,0.03874539665,-0.002963800169,-44.00748411,0,0,0,0.0002082139146,-0.8334961622,-0.02575157585,-0.9366642914,-0.4489259539,-0.2718682657,-0.320043432,-0.5984756531,0
high_value_component,B1_EMA,B2_EMA_kofN,-0.1202084796,0.5952214871,-2.92127263,5.6615375,-2.704690791,-0.3606254388,0.02758577351,0.1164578264,0,0,0,-0.001934216856,0.01638390927,-0.001764596732,0.03913609314,0.01295529721,0.007016453594,0.007974764932,0.02138258109,0.98665
high_value_component,B1_EMA,B3_Full_Policy,-0.1202084796,11.38230413,-0.3107986311,132.5683921,-2.704690791,-0.3606254388,0.02758577351,2.726931825,0,0,0,-0.001934216856,0.3133062938,-0.0001880346299,0.9163957564,0.3068949497,0.1835379013,0.1997364724,0.5048660828,0.9999
high_value_component,B2_EMA_kofN,B0_Raw,0.1331236118,-182.4565765,-40.75983941,-2145.062807,2.995281266,0.3993708354,-0.03054957367,-44.12394193,0,0,0,0.00214202804,-0.836224146,-0.02402938129,-0.9391430036,-0.4493136257,-0.2713485051,-0.3198096662,-0.5994896957,0
high_value_component,B2_EMA_kofN,B1_EMA,0.1202084796,-0.5952214871,2.92127263,-5.6615375,2.704690791,0.3606254388,-0.02758577351,-0.1164578264,0,0,0,0.001934216856,-0.01638390927,0.001764596732,-0.03913609314,-0.01295529721,-0.007016453594,-0.007974764932,-0.02138258109,0.01335
high_value_component,B2_EMA_kofN,B3_Full_Policy,0,10.78708264,2.610473998,126.9068546,0,0,0,2.610473998,0,0,0,0,0.3018681652,0.001576858606,0.9129905463,0.3041088925,0.1826230214,0.1981106443,0.5020908697,1
