scenario,tier,omega,delta_C_vs_L0
precision_component,B0_Raw,0,-2.065541426
precision_component,B0_Raw,0.01,-2.069861446
precision_component,B0_Raw,0.02,-2.074181467
precision_component,B0_Raw,0.03,-2.078501487
precision_component,B0_Raw,0.04,-2.082821507
precision_component,B0_Raw,0.05,-2.087141527
precision_component,B0_Raw,0.06,-2.091461548
precision_component,B0_Raw,0.07,-2.095781568
precision_component,B0_Raw,0.08,-2.100101588
precision_component,B0_Raw,0.09,-2.104421608
precision_component,B0_Raw,0.1,-2.108741629
precision_component,B0_Raw,0.11,-2.113061649
precision_component,B0_Raw,0.12,-2.117381669
precision_component,B0_Raw,0.13,-2.121701689
precision_component,B0_Raw,0.14,-2.12602171
precision_component,B0_Raw,0.15,-2.13034173
precision_component,B0_Raw,0.16,-2.13466175
precision_component,B0_Raw,0.17,-2.13898177
precision_component,B0_Raw,0.18,-2.143301791
precision_component,B0_Raw,0.19,-2.147621811
precision_component,B0_Raw,0.2,-2.151941831
precision_component,B0_Raw,0.21,-2.156261851
precision_component,B0_Raw,0.22,-2.160581872
precision_component,B0_Raw,0.23,-2.164901892
precision_component,B0_Raw,0.24,-2.169221912
precision_component,B0_Raw,0.25,-2.173541932
precision_component,B0_Raw,0.26,-2.177861953
precision_component,B0_Raw,0.27,-2.182181973
precision_component,B0_Raw,0.28,-2.186501993
precision_component,B0_Raw,0.29,-2.190822013
precision_component,B0_Raw,0.3,-2.195142034
precision_component,B0_Raw,0.31,-2.199462054
precision_component,B0_Raw,0.32,-2.203782074
precision_component,B0_Raw,0.33,-2.208102094
precision_component,B0_Raw,0.34,-2.212422115
precision_component,B0_Raw,0.35,-2.216742135
precision_component,B0_Raw,0.36,-2.221062155
precision_component,B0_Raw,0.37,-2.225382175
precision_component,B0_Raw,0.38,-2.229702196
precision_component,B0_Raw,0.39,-2.234022216
precision_component,B0_Raw,0.4,-2.238342236
precision_component,B0_Raw,0.41,-2.242662256
precision_component,B0_Raw,0.42,-2.246982277
precision_component,B0_Raw,0.43,-2.251302297
precision_component,B0_Raw,0.44,-2.255622317
precision_component,B0_Raw,0.45,-2.259942337
precision_component,B0_Raw,0.46,-2.264262358
precision_component,B0_Raw,0.47,-2.268582378
precision_component,B0_Raw,0.48,-2.272902398
precision_component,B0_Raw,0.49,-2.277222418
precision_component,B0_Raw,0.5,-2.281542439
precision_component,B0_Raw,0.51,-2.285862459
precision_component,B0_Raw,0.52,-2.290182479
precision_component,B0_Raw,0.53,-2.294502499
precision_component,B0_Raw,0.54,-2.29882252
precision_component,B0_Raw,0.55,-2.30314254
precision_component,B0_Raw,0.56,-2.30746256
precision_component,B0_Raw,0.57,-2.31178258
precision_component,B0_Raw,0.58,-2.316102601
precision_component,B0_Raw,0.59,-2.320422621
precision_component,B0_Raw,0.6,-2.324742641
precision_component,B0_Raw,0.61,-2.329062661
precision_component,B0_Raw,0.62,-2.333382682
precision_component,B0_Raw,0.63,-2.337702702
precision_component,B0_Raw,0.64,-2.342022722
precision_component,B0_Raw,0.65,-2.346342742
precision_component,B0_Raw,0.66,-2.350662763
precision_component,B0_Raw,0.67,-2.354982783
precision_component,B0_Raw,0.68,-2.359302803
precision_component,B0_Raw,0.69,-2.363622823
precision_component,B0_Raw,0.7,-2.367942844
precision_component,B0_Raw,0.71,-2.372262864
precision_component,B0_Raw,0.72,-2.376582884
precision_component,B0_Raw,0.73,-2.380902904
precision_component,B0_Raw,0.74,-2.385222925
precision_component,B0_Raw,0.75,-2.389542945
precision_component,B0_Raw,0.76,-2.393862965
precision_component,B0_Raw,0.77,-2.398182985
precision_component,B0_Raw,0.78,-2.402503006
precision_component,B0_Raw,0.79,-2.406823026
precision_component,B0_Raw,0.8,-2.411143046
precision_component,B0_Raw,0.81,-2.415463066
precision_component,B0_Raw,0.82,-2.419783087
precision_component,B0_Raw,0.83,-2.424103107
precision_component,B0_Raw,0.84,-2.428423127
precision_component,B0_Raw,0.85,-2.432743147
precision_component,B0_Raw,0.86,-2.437063168
precision_component,B0_Raw,0.87,-2.441383188
precision_component,B0_Raw,0.88,-2.445703208
precision_component,B0_Raw,0.89,-2.450023228
precision_component,B0_Raw,0.9,-2.454343249
precision_component,B0_Raw,0.91,-2.458663269
precision_component,B0_Raw,0.92,-2.462983289
precision_component,B0_Raw,0.93,-2.467303309
precision_component,B0_Raw,0.94,-2.47162333
precision_component,B0_Raw,0.95,-2.47594335
precision_component,B0_Raw,0.96,-2.48026337
precision_component,B0_Raw,0.97,-2.48458339
precision_component,B0_Raw,0.98,-2.488903411
precision_component,B0_Raw,0.99,-2.493223431
precision_component,B0_Raw,1,-2.497543451
precision_component,B1_EMA,0,-1.430779111
precision_component,B1_EMA,0.01,-1.431052047
precision_component,B1_EMA,0.02,-1.431324982
precision_component,B1_EMA,0.03,-1.431597918
precision_component,B1_EMA,0.04,-1.431870854
precision_component,B1_EMA,0.05,-1.432143789
precision_component,B1_EMA,0.06,-1.432416725
precision_component,B1_EMA,0.07,-1.43268966
precision_component,B1_EMA,0.08,-1.432962596
precision_component,B1_EMA,0.09,-1.433235532
precision_component,B1_EMA,0.1,-1.433508467
precision_component,B1_EMA,0.11,-1.433781403
precision_component,B1_EMA,0.12,-1.434054339
precision_component,B1_EMA,0.13,-1.434327274
precision_component,B1_EMA,0.14,-1.43460021
precision_component,B1_EMA,0.15,-1.434873146
precision_component,B1_EMA,0.16,-1.435146081
precision_component,B1_EMA,0.17,-1.435419017
precision_component,B1_EMA,0.18,-1.435691952
precision_component,B1_EMA,0.19,-1.435964888
precision_component,B1_EMA,0.2,-1.436237824
precision_component,B1_EMA,0.21,-1.436510759
precision_component,B1_EMA,0.22,-1.436783695
precision_component,B1_EMA,0.23,-1.437056631
precision_component,B1_EMA,0.24,-1.437329566
precision_component,B1_EMA,0.25,-1.437602502
precision_component,B1_EMA,0.26,-1.437875438
precision_component,B1_EMA,0.27,-1.438148373
precision_component,B1_EMA,0.28,-1.438421309
precision_component,B1_EMA,0.29,-1.438694244
precision_component,B1_EMA,0.3,-1.43896718
precision_component,B1_EMA,0.31,-1.439240116
precision_component,B1_EMA,0.32,-1.439513051
precision_component,B1_EMA,0.33,-1.439785987
precision_component,B1_EMA,0.34,-1.440058923
precision_component,B1_EMA,0.35,-1.440331858
precision_component,B1_EMA,0.36,-1.440604794
precision_component,B1_EMA,0.37,-1.44087773
precision_component,B1_EMA,0.38,-1.441150665
precision_component,B1_EMA,0.39,-1.441423601
precision_component,B1_EMA,0.4,-1.441696536
precision_component,B1_EMA,0.41,-1.441969472
precision_component,B1_EMA,0.42,-1.442242408
precision_component,B1_EMA,0.43,-1.442515343
precision_component,B1_EMA,0.44,-1.442788279
precision_component,B1_EMA,0.45,-1.443061215
precision_component,B1_EMA,0.46,-1.44333415
precision_component,B1_EMA,0.47,-1.443607086
precision_component,B1_EMA,0.48,-1.443880022
precision_component,B1_EMA,0.49,-1.444152957
precision_component,B1_EMA,0.5,-1.444425893
precision_component,B1_EMA,0.51,-1.444698828
precision_component,B1_EMA,0.52,-1.444971764
precision_component,B1_EMA,0.53,-1.4452447
precision_component,B1_EMA,0.54,-1.445517635
precision_component,B1_EMA,0.55,-1.445790571
precision_component,B1_EMA,0.56,-1.446063507
precision_component,B1_EMA,0.57,-1.446336442
precision_component,B1_EMA,0.58,-1.446609378
precision_component,B1_EMA,0.59,-1.446882314
precision_component,B1_EMA,0.6,-1.447155249
precision_component,B1_EMA,0.61,-1.447428185
precision_component,B1_EMA,0.62,-1.44770112
precision_component,B1_EMA,0.63,-1.447974056
precision_component,B1_EMA,0.64,-1.448246992
precision_component,B1_EMA,0.65,-1.448519927
precision_component,B1_EMA,0.66,-1.448792863
precision_component,B1_EMA,0.67,-1.449065799
precision_component,B1_EMA,0.68,-1.449338734
precision_component,B1_EMA,0.69,-1.44961167
precision_component,B1_EMA,0.7,-1.449884606
precision_component,B1_EMA,0.71,-1.450157541
precision_component,B1_EMA,0.72,-1.450430477
precision_component,B1_EMA,0.73,-1.450703413
precision_component,B1_EMA,0.74,-1.450976348
precision_component,B1_EMA,0.75,-1.451249284
precision_component,B1_EMA,0.76,-1.451522219
precision_component,B1_EMA,0.77,-1.451795155
precision_component,B1_EMA,0.78,-1.452068091
precision_component,B1_EMA,0.79,-1.452341026
precision_component,B1_EMA,0.8,-1.452613962
precision_component,B1_EMA,0.81,-1.452886898
precision_component,B1_EMA,0.82,-1.453159833
precision_component,B1_EMA,0.83,-1.453432769
precision_component,B1_EMA,0.84,-1.453705705
precision_component,B1_EMA,0.85,-1.45397864
precision_component,B1_EMA,0.86,-1.454251576
precision_component,B1_EMA,0.87,-1.454524511
precision_component,B1_EMA,0.88,-1.454797447
precision_component,B1_EMA,0.89,-1.455070383
precision_component,B1_EMA,0.9,-1.455343318
precision_component,B1_EMA,0.91,-1.455616254
precision_component,B1_EMA,0.92,-1.45588919
precision_component,B1_EMA,0.93,-1.456162125
precision_component,B1_EMA,0.94,-1.456435061
precision_component,B1_EMA,0.95,-1.456707997
precision_component,B1_EMA,0.96,-1.456980932
precision_component,B1_EMA,0.97,-1.457253868
precision_component,B1_EMA,0.98,-1.457526803
precision_component,B1_EMA,0.99,-1.457799739
precision_component,B1_EMA,1,-1.458072675
precision_component,B2_EMA_kofN,0,-1.46821755
precision_component,B2_EMA_kofN,0.01,-1.468469182
precision_component,B2_EMA_kofN,0.02,-1.468720815
precision_component,B2_EMA_kofN,0.03,-1.468972447
precision_component,B2_EMA_kofN,0.04,-1.469224079
precision_component,B2_EMA_kofN,0.05,-1.469475711
precision_component,B2_EMA_kofN,0.06,-1.469727343
precision_component,B2_EMA_kofN,0.07,-1.469978976
precision_component,B2_EMA_kofN,0.08,-1.470230608
precision_component,B2_EMA_kofN,0.09,-1.47048224
precision_component,B2_EMA_kofN,0.1,-1.470733872
precision_component,B2_EMA_kofN,0.11,-1.470985504
precision_component,B2_EMA_kofN,0.12,-1.471237137
precision_component,B2_EMA_kofN,0.13,-1.471488769
precision_component,B2_EMA_kofN,0.14,-1.471740401
precision_component,B2_EMA_kofN,0.15,-1.471992033
precision_component,B2_EMA_kofN,0.16,-1.472243665
precision_component,B2_EMA_kofN,0.17,-1.472495298
precision_component,B2_EMA_kofN,0.18,-1.47274693
precision_component,B2_EMA_kofN,0.19,-1.472998562
precision_component,B2_EMA_kofN,0.2,-1.473250194
precision_component,B2_EMA_kofN,0.21,-1.473501826
precision_component,B2_EMA_kofN,0.22,-1.473753459
precision_component,B2_EMA_kofN,0.23,-1.474005091
precision_component,B2_EMA_kofN,0.24,-1.474256723
precision_component,B2_EMA_kofN,0.25,-1.474508355
precision_component,B2_EMA_kofN,0.26,-1.474759987
precision_component,B2_EMA_kofN,0.27,-1.47501162
precision_component,B2_EMA_kofN,0.28,-1.475263252
precision_component,B2_EMA_kofN,0.29,-1.475514884
precision_component,B2_EMA_kofN,0.3,-1.475766516
precision_component,B2_EMA_kofN,0.31,-1.476018148
precision_component,B2_EMA_kofN,0.32,-1.476269781
precision_component,B2_EMA_kofN,0.33,-1.476521413
precision_component,B2_EMA_kofN,0.34,-1.476773045
precision_component,B2_EMA_kofN,0.35,-1.477024677
precision_component,B2_EMA_kofN,0.36,-1.477276309
precision_component,B2_EMA_kofN,0.37,-1.477527942
precision_component,B2_EMA_kofN,0.38,-1.477779574
precision_component,B2_EMA_kofN,0.39,-1.478031206
precision_component,B2_EMA_kofN,0.4,-1.478282838
precision_component,B2_EMA_kofN,0.41,-1.47853447
precision_component,B2_EMA_kofN,0.42,-1.478786103
precision_component,B2_EMA_kofN,0.43,-1.479037735
precision_component,B2_EMA_kofN,0.44,-1.479289367
precision_component,B2_EMA_kofN,0.45,-1.479540999
precision_component,B2_EMA_kofN,0.46,-1.479792631
precision_component,B2_EMA_kofN,0.47,-1.480044264
precision_component,B2_EMA_kofN,0.48,-1.480295896
precision_component,B2_EMA_kofN,0.49,-1.480547528
precision_component,B2_EMA_kofN,0.5,-1.48079916
precision_component,B2_EMA_kofN,0.51,-1.481050792
precision_component,B2_EMA_kofN,0.52,-1.481302425
precision_component,B2_EMA_kofN,0.53,-1.481554057
precision_component,B2_EMA_kofN,0.54,-1.481805689
precision_component,B2_EMA_kofN,0.55,-1.482057321
precision_component,B2_EMA_kofN,0.56,-1.482308953
precision_component,B2_EMA_kofN,0.57,-1.482560586
precision_component,B2_EMA_kofN,0.58,-1.482812218
precision_component,B2_EMA_kofN,0.59,-1.48306385
precision_component,B2_EMA_kofN,0.6,-1.483315482
precision_component,B2_EMA_kofN,0.61,-1.483567114
precision_component,B2_EMA_kofN,0.62,-1.483818747
precision_component,B2_EMA_kofN,0.63,-1.484070379
precision_component,B2_EMA_kofN,0.64,-1.484322011
precision_component,B2_EMA_kofN,0.65,-1.484573643
precision_component,B2_EMA_kofN,0.66,-1.484825275
precision_component,B2_EMA_kofN,0.67,-1.485076908
precision_component,B2_EMA_kofN,0.68,-1.48532854
precision_component,B2_EMA_kofN,0.69,-1.485580172
precision_component,B2_EMA_kofN,0.7,-1.485831804
precision_component,B2_EMA_kofN,0.71,-1.486083436
precision_component,B2_EMA_kofN,0.72,-1.486335069
precision_component,B2_EMA_kofN,0.73,-1.486586701
precision_component,B2_EMA_kofN,0.74,-1.486838333
precision_component,B2_EMA_kofN,0.75,-1.487089965
precision_component,B2_EMA_kofN,0.76,-1.487341597
precision_component,B2_EMA_kofN,0.77,-1.48759323
precision_component,B2_EMA_kofN,0.78,-1.487844862
precision_component,B2_EMA_kofN,0.79,-1.488096494
precision_component,B2_EMA_kofN,0.8,-1.488348126
precision_component,B2_EMA_kofN,0.81,-1.488599758
precision_component,B2_EMA_kofN,0.82,-1.488851391
precision_component,B2_EMA_kofN,0.83,-1.489103023
precision_component,B2_EMA_kofN,0.84,-1.489354655
precision_component,B2_EMA_kofN,0.85,-1.489606287
precision_component,B2_EMA_kofN,0.86,-1.489857919
precision_component,B2_EMA_kofN,0.87,-1.490109552
precision_component,B2_EMA_kofN,0.88,-1.490361184
precision_component,B2_EMA_kofN,0.89,-1.490612816
precision_component,B2_EMA_kofN,0.9,-1.490864448
precision_component,B2_EMA_kofN,0.91,-1.49111608
precision_component,B2_EMA_kofN,0.92,-1.491367713
precision_component,B2_EMA_kofN,0.93,-1.491619345
precision_component,B2_EMA_kofN,0.94,-1.491870977
precision_component,B2_EMA_kofN,0.95,-1.492122609
precision_component,B2_EMA_kofN,0.96,-1.492374241
precision_component,B2_EMA_kofN,0.97,-1.492625874
precision_component,B2_EMA_kofN,0.98,-1.492877506
precision_component,B2_EMA_kofN,0.99,-1.493129138
precision_component,B2_EMA_kofN,1,-1.49338077
precision_component,B3_Full_Policy,0,0.4868027205
precision_component,B3_Full_Policy,0.01,0.4835673341
precision_component,B3_Full_Policy,0.02,0.4803319476
precision_component,B3_Full_Policy,0.03,0.4770965612
precision_component,B3_Full_Policy,0.04,0.4738611748
precision_component,B3_Full_Policy,0.05,0.4706257883
precision_component,B3_Full_Policy,0.06,0.4673904019
precision_component,B3_Full_Policy,0.07,0.4641550154
precision_component,B3_Full_Policy,0.08,0.460919629
precision_component,B3_Full_Policy,0.09,0.4576842426
precision_component,B3_Full_Policy,0.1,0.4544488561
precision_component,B3_Full_Policy,0.11,0.4512134697
precision_component,B3_Full_Policy,0.12,0.4479780832
precision_component,B3_Full_Policy,0.13,0.4447426968
precision_component,B3_Full_Policy,0.14,0.4415073103
precision_component,B3_Full_Policy,0.15,0.4382719239
precision_component,B3_Full_Policy,0.16,0.4350365375
precision_component,B3_Full_Policy,0.17,0.431801151
precision_component,B3_Full_Policy,0.18,0.4285657646
precision_component,B3_Full_Policy,0.19,0.4253303781
precision_component,B3_Full_Policy,0.2,0.4220949917
precision_component,B3_Full_Policy,0.21,0.4188596053
precision_component,B3_Full_Policy,0.22,0.4156242188
precision_component,B3_Full_Policy,0.23,0.4123888324
precision_component,B3_Full_Policy,0.24,0.4091534459
precision_component,B3_Full_Policy,0.25,0.4059180595
precision_component,B3_Full_Policy,0.26,0.402682673
precision_component,B3_Full_Policy,0.27,0.3994472866
precision_component,B3_Full_Policy,0.28,0.3962119002
precision_component,B3_Full_Policy,0.29,0.3929765137
precision_component,B3_Full_Policy,0.3,0.3897411273
precision_component,B3_Full_Policy,0.31,0.3865057408
precision_component,B3_Full_Policy,0.32,0.3832703544
precision_component,B3_Full_Policy,0.33,0.380034968
precision_component,B3_Full_Policy,0.34,0.3767995815
precision_component,B3_Full_Policy,0.35,0.3735641951
precision_component,B3_Full_Policy,0.36,0.3703288086
precision_component,B3_Full_Policy,0.37,0.3670934222
precision_component,B3_Full_Policy,0.38,0.3638580357
precision_component,B3_Full_Policy,0.39,0.3606226493
precision_component,B3_Full_Policy,0.4,0.3573872629
precision_component,B3_Full_Policy,0.41,0.3541518764
precision_component,B3_Full_Policy,0.42,0.35091649
precision_component,B3_Full_Policy,0.43,0.3476811035
precision_component,B3_Full_Policy,0.44,0.3444457171
precision_component,B3_Full_Policy,0.45,0.3412103307
precision_component,B3_Full_Policy,0.46,0.3379749442
precision_component,B3_Full_Policy,0.47,0.3347395578
precision_component,B3_Full_Policy,0.48,0.3315041713
precision_component,B3_Full_Policy,0.49,0.3282687849
precision_component,B3_Full_Policy,0.5,0.3250333984
precision_component,B3_Full_Policy,0.51,0.321798012
precision_component,B3_Full_Policy,0.52,0.3185626256
precision_component,B3_Full_Policy,0.53,0.3153272391
precision_component,B3_Full_Policy,0.54,0.3120918527
precision_component,B3_Full_Policy,0.55,0.3088564662
precision_component,B3_Full_Policy,0.56,0.3056210798
precision_component,B3_Full_Policy,0.57,0.3023856934
precision_component,B3_Full_Policy,0.58,0.2991503069
precision_component,B3_Full_Policy,0.59,0.2959149205
precision_component,B3_Full_Policy,0.6,0.292679534
precision_component,B3_Full_Policy,0.61,0.2894441476
precision_component,B3_Full_Policy,0.62,0.2862087611
precision_component,B3_Full_Policy,0.63,0.2829733747
precision_component,B3_Full_Policy,0.64,0.2797379883
precision_component,B3_Full_Policy,0.65,0.2765026018
precision_component,B3_Full_Policy,0.66,0.2732672154
precision_component,B3_Full_Policy,0.67,0.2700318289
precision_component,B3_Full_Policy,0.68,0.2667964425
precision_component,B3_Full_Policy,0.69,0.2635610561
precision_component,B3_Full_Policy,0.7,0.2603256696
precision_component,B3_Full_Policy,0.71,0.2570902832
precision_component,B3_Full_Policy,0.72,0.2538548967
precision_component,B3_Full_Policy,0.73,0.2506195103
precision_component,B3_Full_Policy,0.74,0.2473841238
precision_component,B3_Full_Policy,0.75,0.2441487374
precision_component,B3_Full_Policy,0.76,0.240913351
precision_component,B3_Full_Policy,0.77,0.2376779645
precision_component,B3_Full_Policy,0.78,0.2344425781
precision_component,B3_Full_Policy,0.79,0.2312071916
precision_component,B3_Full_Policy,0.8,0.2279718052
precision_component,B3_Full_Policy,0.81,0.2247364188
precision_component,B3_Full_Policy,0.82,0.2215010323
precision_component,B3_Full_Policy,0.83,0.2182656459
precision_component,B3_Full_Policy,0.84,0.2150302594
precision_component,B3_Full_Policy,0.85,0.211794873
precision_component,B3_Full_Policy,0.86,0.2085594865
precision_component,B3_Full_Policy,0.87,0.2053241001
precision_component,B3_Full_Policy,0.88,0.2020887137
precision_component,B3_Full_Policy,0.89,0.1988533272
precision_component,B3_Full_Policy,0.9,0.1956179408
precision_component,B3_Full_Policy,0.91,0.1923825543
precision_component,B3_Full_Policy,0.92,0.1891471679
precision_component,B3_Full_Policy,0.93,0.1859117815
precision_component,B3_Full_Policy,0.94,0.182676395
precision_component,B3_Full_Policy,0.95,0.1794410086
precision_component,B3_Full_Policy,0.96,0.1762056221
precision_component,B3_Full_Policy,0.97,0.1729702357
precision_component,B3_Full_Policy,0.98,0.1697348493
precision_component,B3_Full_Policy,0.99,0.1664994628
precision_component,B3_Full_Policy,1,0.1632640764
machined_metal,B0_Raw,0,31.72532048
machined_metal,B0_Raw,0.01,29.54998392
machined_metal,B0_Raw,0.02,27.37464737
machined_metal,B0_Raw,0.03,25.19931081
machined_metal,B0_Raw,0.04,23.02397426
machined_metal,B0_Raw,0.05,20.8486377
machined_metal,B0_Raw,0.06,18.67330115
machined_metal,B0_Raw,0.07,16.49796459
machined_metal,B0_Raw,0.08,14.32262803
machined_metal,B0_Raw,0.09,12.14729148
machined_metal,B0_Raw,0.1,9.971954923
machined_metal,B0_Raw,0.11,7.796618367
machined_metal,B0_Raw,0.12,5.621281811
machined_metal,B0_Raw,0.13,3.445945256
machined_metal,B0_Raw,0.14,1.2706087
machined_metal,B0_Raw,0.15,-0.9047278559
machined_metal,B0_Raw,0.16,-3.080064412
machined_metal,B0_Raw,0.17,-5.255400967
machined_metal,B0_Raw,0.18,-7.430737523
machined_metal,B0_Raw,0.19,-9.606074079
machined_metal,B0_Raw,0.2,-11.78141063
machined_metal,B0_Raw,0.21,-13.95674719
machined_metal,B0_Raw,0.22,-16.13208375
machined_metal,B0_Raw,0.23,-18.3074203
machined_metal,B0_Raw,0.24,-20.48275686
machined_metal,B0_Raw,0.25,-22.65809341
machined_metal,B0_Raw,0.26,-24.83342997
machined_metal,B0_Raw,0.27,-27.00876652
machined_metal,B0_Raw,0.28,-29.18410308
machined_metal,B0_Raw,0.29,-31.35943964
machined_metal,B0_Raw,0.3,-33.53477619
machined_metal,B0_Raw,0.31,-35.71011275
machined_metal,B0_Raw,0.32,-37.8854493
machined_metal,B0_Raw,0.33,-40.06078586
machined_metal,B0_Raw,0.34,-42.23612242
machined_metal,B0_Raw,0.35,-44.41145897
machined_metal,B0_Raw,0.36,-46.58679553
machined_metal,B0_Raw,0.37,-48.76213208
machined_metal,B0_Raw,0.38,-50.93746864
machined_metal,B0_Raw,0.39,-53.11280519
machined_metal,B0_Raw,0.4,-55.28814175
machined_metal,B0_Raw,0.41,-57.46347831
machined_metal,B0_Raw,0.42,-59.63881486
machined_metal,B0_Raw,0.43,-61.81415142
machined_metal,B0_Raw,0.44,-63.98948797
machined_metal,B0_Raw,0.45,-66.16482453
machined_metal,B0_Raw,0.46,-68.34016108
machined_metal,B0_Raw,0.47,-70.51549764
machined_metal,B0_Raw,0.48,-72.6908342
machined_metal,B0_Raw,0.49,-74.86617075
machined_metal,B0_Raw,0.5,-77.04150731
machined_metal,B0_Raw,0.51,-79.21684386
machined_metal,B0_Raw,0.52,-81.39218042
machined_metal,B0_Raw,0.53,-83.56751697
machined_metal,B0_Raw,0.54,-85.74285353
machined_metal,B0_Raw,0.55,-87.91819009
machined_metal,B0_Raw,0.56,-90.09352664
machined_metal,B0_Raw,0.57,-92.2688632
machined_metal,B0_Raw,0.58,-94.44419975
machined_metal,B0_Raw,0.59,-96.61953631
machined_metal,B0_Raw,0.6,-98.79487286
machined_metal,B0_Raw,0.61,-100.9702094
machined_metal,B0_Raw,0.62,-103.145546
machined_metal,B0_Raw,0.63,-105.3208825
machined_metal,B0_Raw,0.64,-107.4962191
machined_metal,B0_Raw,0.65,-109.6715556
machined_metal,B0_Raw,0.66,-111.8468922
machined_metal,B0_Raw,0.67,-114.0222288
machined_metal,B0_Raw,0.68,-116.1975653
machined_metal,B0_Raw,0.69,-118.3729019
machined_metal,B0_Raw,0.7,-120.5482384
machined_metal,B0_Raw,0.71,-122.723575
machined_metal,B0_Raw,0.72,-124.8989115
machined_metal,B0_Raw,0.73,-127.0742481
machined_metal,B0_Raw,0.74,-129.2495846
machined_metal,B0_Raw,0.75,-131.4249212
machined_metal,B0_Raw,0.76,-133.6002578
machined_metal,B0_Raw,0.77,-135.7755943
machined_metal,B0_Raw,0.78,-137.9509309
machined_metal,B0_Raw,0.79,-140.1262674
machined_metal,B0_Raw,0.8,-142.301604
machined_metal,B0_Raw,0.81,-144.4769405
machined_metal,B0_Raw,0.82,-146.6522771
machined_metal,B0_Raw,0.83,-148.8276136
machined_metal,B0_Raw,0.84,-151.0029502
machined_metal,B0_Raw,0.85,-153.1782868
machined_metal,B0_Raw,0.86,-155.3536233
machined_metal,B0_Raw,0.87,-157.5289599
machined_metal,B0_Raw,0.88,-159.7042964
machined_metal,B0_Raw,0.89,-161.879633
machined_metal,B0_Raw,0.9,-164.0549695
machined_metal,B0_Raw,0.91,-166.2303061
machined_metal,B0_Raw,0.92,-168.4056426
machined_metal,B0_Raw,0.93,-170.5809792
machined_metal,B0_Raw,0.94,-172.7563158
machined_metal,B0_Raw,0.95,-174.9316523
machined_metal,B0_Raw,0.96,-177.1069889
machined_metal,B0_Raw,0.97,-179.2823254
machined_metal,B0_Raw,0.98,-181.457662
machined_metal,B0_Raw,0.99,-183.6329985
machined_metal,B0_Raw,1,-185.8083351
machined_metal,B1_EMA,0,42.66567897
machined_metal,B1_EMA,0.01,41.92897152
machined_metal,B1_EMA,0.02,41.19226407
machined_metal,B1_EMA,0.03,40.45555662
machined_metal,B1_EMA,0.04,39.71884917
machined_metal,B1_EMA,0.05,38.98214172
machined_metal,B1_EMA,0.06,38.24543428
machined_metal,B1_EMA,0.07,37.50872683
machined_metal,B1_EMA,0.08,36.77201938
machined_metal,B1_EMA,0.09,36.03531193
machined_metal,B1_EMA,0.1,35.29860448
machined_metal,B1_EMA,0.11,34.56189703
machined_metal,B1_EMA,0.12,33.82518958
machined_metal,B1_EMA,0.13,33.08848213
machined_metal,B1_EMA,0.14,32.35177468
machined_metal,B1_EMA,0.15,31.61506723
machined_metal,B1_EMA,0.16,30.87835978
machined_metal,B1_EMA,0.17,30.14165233
machined_metal,B1_EMA,0.18,29.40494489
machined_metal,B1_EMA,0.19,28.66823744
machined_metal,B1_EMA,0.2,27.93152999
machined_metal,B1_EMA,0.21,27.19482254
machined_metal,B1_EMA,0.22,26.45811509
machined_metal,B1_EMA,0.23,25.72140764
machined_metal,B1_EMA,0.24,24.98470019
machined_metal,B1_EMA,0.25,24.24799274
machined_metal,B1_EMA,0.26,23.51128529
machined_metal,B1_EMA,0.27,22.77457784
machined_metal,B1_EMA,0.28,22.03787039
machined_metal,B1_EMA,0.29,21.30116294
machined_metal,B1_EMA,0.3,20.5644555
machined_metal,B1_EMA,0.31,19.82774805
machined_metal,B1_EMA,0.32,19.0910406
machined_metal,B1_EMA,0.33,18.35433315
machined_metal,B1_EMA,0.34,17.6176257
machined_metal,B1_EMA,0.35,16.88091825
machined_metal,B1_EMA,0.36,16.1442108
machined_metal,B1_EMA,0.37,15.40750335
machined_metal,B1_EMA,0.38,14.6707959
machined_metal,B1_EMA,0.39,13.93408845
machined_metal,B1_EMA,0.4,13.197381
machined_metal,B1_EMA,0.41,12.46067355
machined_metal,B1_EMA,0.42,11.72396611
machined_metal,B1_EMA,0.43,10.98725866
machined_metal,B1_EMA,0.44,10.25055121
machined_metal,B1_EMA,0.45,9.513843758
machined_metal,B1_EMA,0.46,8.777136309
machined_metal,B1_EMA,0.47,8.04042886
machined_metal,B1_EMA,0.48,7.30372141
machined_metal,B1_EMA,0.49,6.567013961
machined_metal,B1_EMA,0.5,5.830306512
machined_metal,B1_EMA,0.51,5.093599063
machined_metal,B1_EMA,0.52,4.356891614
machined_metal,B1_EMA,0.53,3.620184165
machined_metal,B1_EMA,0.54,2.883476715
machined_metal,B1_EMA,0.55,2.146769266
machined_metal,B1_EMA,0.56,1.410061817
machined_metal,B1_EMA,0.57,0.6733543679
machined_metal,B1_EMA,0.58,-0.06335308126
machined_metal,B1_EMA,0.59,-0.8000605304
machined_metal,B1_EMA,0.6,-1.53676798
machined_metal,B1_EMA,0.61,-2.273475429
machined_metal,B1_EMA,0.62,-3.010182878
machined_metal,B1_EMA,0.63,-3.746890327
machined_metal,B1_EMA,0.64,-4.483597776
machined_metal,B1_EMA,0.65,-5.220305225
machined_metal,B1_EMA,0.66,-5.957012675
machined_metal,B1_EMA,0.67,-6.693720124
machined_metal,B1_EMA,0.68,-7.430427573
machined_metal,B1_EMA,0.69,-8.167135022
machined_metal,B1_EMA,0.7,-8.903842471
machined_metal,B1_EMA,0.71,-9.64054992
machined_metal,B1_EMA,0.72,-10.37725737
machined_metal,B1_EMA,0.73,-11.11396482
machined_metal,B1_EMA,0.74,-11.85067227
machined_metal,B1_EMA,0.75,-12.58737972
machined_metal,B1_EMA,0.76,-13.32408717
machined_metal,B1_EMA,0.77,-14.06079462
machined_metal,B1_EMA,0.78,-14.79750206
machined_metal,B1_EMA,0.79,-15.53420951
machined_metal,B1_EMA,0.8,-16.27091696
machined_metal,B1_EMA,0.81,-17.00762441
machined_metal,B1_EMA,0.82,-17.74433186
machined_metal,B1_EMA,0.83,-18.48103931
machined_metal,B1_EMA,0.84,-19.21774676
machined_metal,B1_EMA,0.85,-19.95445421
machined_metal,B1_EMA,0.86,-20.69116166
machined_metal,B1_EMA,0.87,-21.42786911
machined_metal,B1_EMA,0.88,-22.16457656
machined_metal,B1_EMA,0.89,-22.90128401
machined_metal,B1_EMA,0.9,-23.63799145
machined_metal,B1_EMA,0.91,-24.3746989
machined_metal,B1_EMA,0.92,-25.11140635
machined_metal,B1_EMA,0.93,-25.8481138
machined_metal,B1_EMA,0.94,-26.58482125
machined_metal,B1_EMA,0.95,-27.3215287
machined_metal,B1_EMA,0.96,-28.05823615
machined_metal,B1_EMA,0.97,-28.7949436
machined_metal,B1_EMA,0.98,-29.53165105
machined_metal,B1_EMA,0.99,-30.2683585
machined_metal,B1_EMA,1,-31.00506595
machined_metal,B2_EMA_kofN,0,42.60927218
machined_metal,B2_EMA_kofN,0.01,41.91369562
machined_metal,B2_EMA_kofN,0.02,41.21811905
machined_metal,B2_EMA_kofN,0.03,40.52254249
machined_metal,B2_EMA_kofN,0.04,39.82696593
machined_metal,B2_EMA_kofN,0.05,39.13138936
machined_metal,B2_EMA_kofN,0.06,38.4358128
machined_metal,B2_EMA_kofN,0.07,37.74023623
machined_metal,B2_EMA_kofN,0.08,37.04465967
machined_metal,B2_EMA_kofN,0.09,36.3490831
machined_metal,B2_EMA_kofN,0.1,35.65350654
machined_metal,B2_EMA_kofN,0.11,34.95792998
machined_metal,B2_EMA_kofN,0.12,34.26235341
machined_metal,B2_EMA_kofN,0.13,33.56677685
machined_metal,B2_EMA_kofN,0.14,32.87120028
machined_metal,B2_EMA_kofN,0.15,32.17562372
machined_metal,B2_EMA_kofN,0.16,31.48004715
machined_metal,B2_EMA_kofN,0.17,30.78447059
machined_metal,B2_EMA_kofN,0.18,30.08889403
machined_metal,B2_EMA_kofN,0.19,29.39331746
machined_metal,B2_EMA_kofN,0.2,28.6977409
machined_metal,B2_EMA_kofN,0.21,28.00216433
machined_metal,B2_EMA_kofN,0.22,27.30658777
machined_metal,B2_EMA_kofN,0.23,26.6110112
machined_metal,B2_EMA_kofN,0.24,25.91543464
machined_metal,B2_EMA_kofN,0.25,25.21985808
machined_metal,B2_EMA_kofN,0.26,24.52428151
machined_metal,B2_EMA_kofN,0.27,23.82870495
machined_metal,B2_EMA_kofN,0.28,23.13312838
machined_metal,B2_EMA_kofN,0.29,22.43755182
machined_metal,B2_EMA_kofN,0.3,21.74197525
machined_metal,B2_EMA_kofN,0.31,21.04639869
machined_metal,B2_EMA_kofN,0.32,20.35082213
machined_metal,B2_EMA_kofN,0.33,19.65524556
machined_metal,B2_EMA_kofN,0.34,18.959669
machined_metal,B2_EMA_kofN,0.35,18.26409243
machined_metal,B2_EMA_kofN,0.36,17.56851587
machined_metal,B2_EMA_kofN,0.37,16.8729393
machined_metal,B2_EMA_kofN,0.38,16.17736274
machined_metal,B2_EMA_kofN,0.39,15.48178618
machined_metal,B2_EMA_kofN,0.4,14.78620961
machined_metal,B2_EMA_kofN,0.41,14.09063305
machined_metal,B2_EMA_kofN,0.42,13.39505648
machined_metal,B2_EMA_kofN,0.43,12.69947992
machined_metal,B2_EMA_kofN,0.44,12.00390335
machined_metal,B2_EMA_kofN,0.45,11.30832679
machined_metal,B2_EMA_kofN,0.46,10.61275023
machined_metal,B2_EMA_kofN,0.47,9.917173662
machined_metal,B2_EMA_kofN,0.48,9.221597097
machined_metal,B2_EMA_kofN,0.49,8.526020533
machined_metal,B2_EMA_kofN,0.5,7.830443969
machined_metal,B2_EMA_kofN,0.51,7.134867405
machined_metal,B2_EMA_kofN,0.52,6.43929084
machined_metal,B2_EMA_kofN,0.53,5.743714276
machined_metal,B2_EMA_kofN,0.54,5.048137712
machined_metal,B2_EMA_kofN,0.55,4.352561147
machined_metal,B2_EMA_kofN,0.56,3.656984583
machined_metal,B2_EMA_kofN,0.57,2.961408019
machined_metal,B2_EMA_kofN,0.58,2.265831455
machined_metal,B2_EMA_kofN,0.59,1.57025489
machined_metal,B2_EMA_kofN,0.6,0.8746783261
machined_metal,B2_EMA_kofN,0.61,0.1791017618
machined_metal,B2_EMA_kofN,0.62,-0.5164748025
machined_metal,B2_EMA_kofN,0.63,-1.212051367
machined_metal,B2_EMA_kofN,0.64,-1.907627931
machined_metal,B2_EMA_kofN,0.65,-2.603204495
machined_metal,B2_EMA_kofN,0.66,-3.29878106
machined_metal,B2_EMA_kofN,0.67,-3.994357624
machined_metal,B2_EMA_kofN,0.68,-4.689934188
machined_metal,B2_EMA_kofN,0.69,-5.385510752
machined_metal,B2_EMA_kofN,0.7,-6.081087317
machined_metal,B2_EMA_kofN,0.71,-6.776663881
machined_metal,B2_EMA_kofN,0.72,-7.472240445
machined_metal,B2_EMA_kofN,0.73,-8.16781701
machined_metal,B2_EMA_kofN,0.74,-8.863393574
machined_metal,B2_EMA_kofN,0.75,-9.558970138
machined_metal,B2_EMA_kofN,0.76,-10.2545467
machined_metal,B2_EMA_kofN,0.77,-10.95012327
machined_metal,B2_EMA_kofN,0.78,-11.64569983
machined_metal,B2_EMA_kofN,0.79,-12.3412764
machined_metal,B2_EMA_kofN,0.8,-13.03685296
machined_metal,B2_EMA_kofN,0.81,-13.73242952
machined_metal,B2_EMA_kofN,0.82,-14.42800609
machined_metal,B2_EMA_kofN,0.83,-15.12358265
machined_metal,B2_EMA_kofN,0.84,-15.81915922
machined_metal,B2_EMA_kofN,0.85,-16.51473578
machined_metal,B2_EMA_kofN,0.86,-17.21031235
machined_metal,B2_EMA_kofN,0.87,-17.90588891
machined_metal,B2_EMA_kofN,0.88,-18.60146547
machined_metal,B2_EMA_kofN,0.89,-19.29704204
machined_metal,B2_EMA_kofN,0.9,-19.9926186
machined_metal,B2_EMA_kofN,0.91,-20.68819517
machined_metal,B2_EMA_kofN,0.92,-21.38377173
machined_metal,B2_EMA_kofN,0.93,-22.0793483
machined_metal,B2_EMA_kofN,0.94,-22.77492486
machined_metal,B2_EMA_kofN,0.95,-23.47050142
machined_metal,B2_EMA_kofN,0.96,-24.16607799
machined_metal,B2_EMA_kofN,0.97,-24.86165455
machined_metal,B2_EMA_kofN,0.98,-25.55723112
machined_metal,B2_EMA_kofN,0.99,-26.25280768
machined_metal,B2_EMA_kofN,1,-26.94838425
machined_metal,B3_Full_Policy,0,44.32093652
machined_metal,B3_Full_Policy,0.01,42.23774435
machined_metal,B3_Full_Policy,0.02,40.15455217
machined_metal,B3_Full_Policy,0.03,38.07136
machined_metal,B3_Full_Policy,0.04,35.98816782
machined_metal,B3_Full_Policy,0.05,33.90497565
machined_metal,B3_Full_Policy,0.06,31.82178347
machined_metal,B3_Full_Policy,0.07,29.7385913
machined_metal,B3_Full_Policy,0.08,27.65539912
machined_metal,B3_Full_Policy,0.09,25.57220695
machined_metal,B3_Full_Policy,0.1,23.48901477
machined_metal,B3_Full_Policy,0.11,21.4058226
machined_metal,B3_Full_Policy,0.12,19.32263042
machined_metal,B3_Full_Policy,0.13,17.23943825
machined_metal,B3_Full_Policy,0.14,15.15624607
machined_metal,B3_Full_Policy,0.15,13.0730539
machined_metal,B3_Full_Policy,0.16,10.98986172
machined_metal,B3_Full_Policy,0.17,8.906669545
machined_metal,B3_Full_Policy,0.18,6.82347737
machined_metal,B3_Full_Policy,0.19,4.740285195
machined_metal,B3_Full_Policy,0.2,2.657093019
machined_metal,B3_Full_Policy,0.21,0.5739008442
machined_metal,B3_Full_Policy,0.22,-1.509291331
machined_metal,B3_Full_Policy,0.23,-3.592483506
machined_metal,B3_Full_Policy,0.24,-5.675675681
machined_metal,B3_Full_Policy,0.25,-7.758867857
machined_metal,B3_Full_Policy,0.26,-9.842060032
machined_metal,B3_Full_Policy,0.27,-11.92525221
machined_metal,B3_Full_Policy,0.28,-14.00844438
machined_metal,B3_Full_Policy,0.29,-16.09163656
machined_metal,B3_Full_Policy,0.3,-18.17482873
machined_metal,B3_Full_Policy,0.31,-20.25802091
machined_metal,B3_Full_Policy,0.32,-22.34121308
machined_metal,B3_Full_Policy,0.33,-24.42440526
machined_metal,B3_Full_Policy,0.34,-26.50759743
machined_metal,B3_Full_Policy,0.35,-28.59078961
machined_metal,B3_Full_Policy,0.36,-30.67398178
machined_metal,B3_Full_Policy,0.37,-32.75717396
machined_metal,B3_Full_Policy,0.38,-34.84036613
machined_metal,B3_Full_Policy,0.39,-36.92355831
machined_metal,B3_Full_Policy,0.4,-39.00675049
machined_metal,B3_Full_Policy,0.41,-41.08994266
machined_metal,B3_Full_Policy,0.42,-43.17313484
machined_metal,B3_Full_Policy,0.43,-45.25632701
machined_metal,B3_Full_Policy,0.44,-47.33951919
machined_metal,B3_Full_Policy,0.45,-49.42271136
machined_metal,B3_Full_Policy,0.46,-51.50590354
machined_metal,B3_Full_Policy,0.47,-53.58909571
machined_metal,B3_Full_Policy,0.48,-55.67228789
machined_metal,B3_Full_Policy,0.49,-57.75548006
machined_metal,B3_Full_Policy,0.5,-59.83867224
machined_metal,B3_Full_Policy,0.51,-61.92186441
machined_metal,B3_Full_Policy,0.52,-64.00505659
machined_metal,B3_Full_Policy,0.53,-66.08824876
machined_metal,B3_Full_Policy,0.54,-68.17144094
machined_metal,B3_Full_Policy,0.55,-70.25463311
machined_metal,B3_Full_Policy,0.56,-72.33782529
machined_metal,B3_Full_Policy,0.57,-74.42101746
machined_metal,B3_Full_Policy,0.58,-76.50420964
machined_metal,B3_Full_Policy,0.59,-78.58740181
machined_metal,B3_Full_Policy,0.6,-80.67059399
machined_metal,B3_Full_Policy,0.61,-82.75378617
machined_metal,B3_Full_Policy,0.62,-84.83697834
machined_metal,B3_Full_Policy,0.63,-86.92017052
machined_metal,B3_Full_Policy,0.64,-89.00336269
machined_metal,B3_Full_Policy,0.65,-91.08655487
machined_metal,B3_Full_Policy,0.66,-93.16974704
machined_metal,B3_Full_Policy,0.67,-95.25293922
machined_metal,B3_Full_Policy,0.68,-97.33613139
machined_metal,B3_Full_Policy,0.69,-99.41932357
machined_metal,B3_Full_Policy,0.7,-101.5025157
machined_metal,B3_Full_Policy,0.71,-103.5857079
machined_metal,B3_Full_Policy,0.72,-105.6689001
machined_metal,B3_Full_Policy,0.73,-107.7520923
machined_metal,B3_Full_Policy,0.74,-109.8352844
machined_metal,B3_Full_Policy,0.75,-111.9184766
machined_metal,B3_Full_Policy,0.76,-114.0016688
machined_metal,B3_Full_Policy,0.77,-116.084861
machined_metal,B3_Full_Policy,0.78,-118.1680531
machined_metal,B3_Full_Policy,0.79,-120.2512453
machined_metal,B3_Full_Policy,0.8,-122.3344375
machined_metal,B3_Full_Policy,0.81,-124.4176297
machined_metal,B3_Full_Policy,0.82,-126.5008218
machined_metal,B3_Full_Policy,0.83,-128.584014
machined_metal,B3_Full_Policy,0.84,-130.6672062
machined_metal,B3_Full_Policy,0.85,-132.7503984
machined_metal,B3_Full_Policy,0.86,-134.8335905
machined_metal,B3_Full_Policy,0.87,-136.9167827
machined_metal,B3_Full_Policy,0.88,-138.9999749
machined_metal,B3_Full_Policy,0.89,-141.0831671
machined_metal,B3_Full_Policy,0.9,-143.1663592
machined_metal,B3_Full_Policy,0.91,-145.2495514
machined_metal,B3_Full_Policy,0.92,-147.3327436
machined_metal,B3_Full_Policy,0.93,-149.4159358
machined_metal,B3_Full_Policy,0.94,-151.4991279
machined_metal,B3_Full_Policy,0.95,-153.5823201
machined_metal,B3_Full_Policy,0.96,-155.6655123
machined_metal,B3_Full_Policy,0.97,-157.7487045
machined_metal,B3_Full_Policy,0.98,-159.8318966
machined_metal,B3_Full_Policy,0.99,-161.9150888
machined_metal,B3_Full_Policy,1,-163.998281
high_value_component,B0_Raw,0,2102.484294
high_value_component,B0_Raw,0.01,2010.410557
high_value_component,B0_Raw,0.02,1918.33682
high_value_component,B0_Raw,0.03,1826.263083
high_value_component,B0_Raw,0.04,1734.189347
high_value_component,B0_Raw,0.05,1642.11561
high_value_component,B0_Raw,0.06,1550.041873
high_value_component,B0_Raw,0.07,1457.968136
high_value_component,B0_Raw,0.08,1365.8944
high_value_component,B0_Raw,0.09,1273.820663
high_value_component,B0_Raw,0.1,1181.746926
high_value_component,B0_Raw,0.11,1089.67319
high_value_component,B0_Raw,0.12,997.5994528
high_value_component,B0_Raw,0.13,905.5257161
high_value_component,B0_Raw,0.14,813.4519793
high_value_component,B0_Raw,0.15,721.3782426
high_value_component,B0_Raw,0.16,629.3045059
high_value_component,B0_Raw,0.17,537.2307691
high_value_component,B0_Raw,0.18,445.1570324
high_value_component,B0_Raw,0.19,353.0832957
high_value_component,B0_Raw,0.2,261.009559
high_value_component,B0_Raw,0.21,168.9358222
high_value_component,B0_Raw,0.22,76.86208549
high_value_component,B0_Raw,0.23,-15.21165124
high_value_component,B0_Raw,0.24,-107.285388
high_value_component,B0_Raw,0.25,-199.3591247
high_value_component,B0_Raw,0.26,-291.4328614
high_value_component,B0_Raw,0.27,-383.5065982
high_value_component,B0_Raw,0.28,-475.5803349
high_value_component,B0_Raw,0.29,-567.6540716
high_value_component,B0_Raw,0.3,-659.7278083
high_value_component,B0_Raw,0.31,-751.8015451
high_value_component,B0_Raw,0.32,-843.8752818
high_value_component,B0_Raw,0.33,-935.9490185
high_value_component,B0_Raw,0.34,-1028.022755
high_value_component,B0_Raw,0.35,-1120.096492
high_value_component,B0_Raw,0.36,-1212.170229
high_value_component,B0_Raw,0.37,-1304.243965
high_value_component,B0_Raw,0.38,-1396.317702
high_value_component,B0_Raw,0.39,-1488.391439
high_value_component,B0_Raw,0.4,-1580.465176
high_value_component,B0_Raw,0.41,-1672.538912
high_value_component,B0_Raw,0.42,-1764.612649
high_value_component,B0_Raw,0.43,-1856.686386
high_value_component,B0_Raw,0.44,-1948.760123
high_value_component,B0_Raw,0.45,-2040.833859
high_value_component,B0_Raw,0.46,-2132.907596
high_value_component,B0_Raw,0.47,-2224.981333
high_value_component,B0_Raw,0.48,-2317.055069
high_value_component,B0_Raw,0.49,-2409.128806
high_value_component,B0_Raw,0.5,-2501.202543
high_value_component,B0_Raw,0.51,-2593.27628
high_value_component,B0_Raw,0.52,-2685.350016
high_value_component,B0_Raw,0.53,-2777.423753
high_value_component,B0_Raw,0.54,-2869.49749
high_value_component,B0_Raw,0.55,-2961.571227
high_value_component,B0_Raw,0.56,-3053.644963
high_value_component,B0_Raw,0.57,-3145.7187
high_value_component,B0_Raw,0.58,-3237.792437
high_value_component,B0_Raw,0.59,-3329.866174
high_value_component,B0_Raw,0.6,-3421.93991
high_value_component,B0_Raw,0.61,-3514.013647
high_value_component,B0_Raw,0.62,-3606.087384
high_value_component,B0_Raw,0.63,-3698.16112
high_value_component,B0_Raw,0.64,-3790.234857
high_value_component,B0_Raw,0.65,-3882.308594
high_value_component,B0_Raw,0.66,-3974.382331
high_value_component,B0_Raw,0.67,-4066.456067
high_value_component,B0_Raw,0.68,-4158.529804
high_value_component,B0_Raw,0.69,-4250.603541
high_value_component,B0_Raw,0.7,-4342.677278
high_value_component,B0_Raw,0.71,-4434.751014
high_value_component,B0_Raw,0.72,-4526.824751
high_value_component,B0_Raw,0.73,-4618.898488
high_value_component,B0_Raw,0.74,-4710.972224
high_value_component,B0_Raw,0.75,-4803.045961
high_value_component,B0_Raw,0.76,-4895.119698
high_value_component,B0_Raw,0.77,-4987.193435
high_value_component,B0_Raw,0.78,-5079.267171
high_value_component,B0_Raw,0.79,-5171.340908
high_value_component,B0_Raw,0.8,-5263.414645
high_value_component,B0_Raw,0.81,-5355.488382
high_value_component,B0_Raw,0.82,-5447.562118
high_value_component,B0_Raw,0.83,-5539.635855
high_value_component,B0_Raw,0.84,-5631.709592
high_value_component,B0_Raw,0.85,-5723.783328
high_value_component,B0_Raw,0.86,-5815.857065
high_value_component,B0_Raw,0.87,-5907.930802
high_value_component,B0_Raw,0.88,-6000.004539
high_value_component,B0_Raw,0.89,-6092.078275
high_value_component,B0_Raw,0.9,-6184.152012
high_value_component,B0_Raw,0.91,-6276.225749
high_value_component,B0_Raw,0.92,-6368.299486
high_value_component,B0_Raw,0.93,-6460.373222
high_value_component,B0_Raw,0.94,-6552.446959
high_value_component,B0_Raw,0.95,-6644.520696
high_value_component,B0_Raw,0.96,-6736.594432
high_value_component,B0_Raw,0.97,-6828.668169
high_value_component,B0_Raw,0.98,-6920.741906
high_value_component,B0_Raw,0.99,-7012.815643
high_value_component,B0_Raw,1,-7104.889379
high_value_component,B1_EMA,0,2145.443834
high_value_component,B1_EMA,0.01,2105.259518
high_value_component,B1_EMA,0.02,2065.075203
high_value_component,B1_EMA,0.03,2024.890887
high_value_component,B1_EMA,0.04,1984.706572
high_value_component,B1_EMA,0.05,1944.522256
high_value_component,B1_EMA,0.06,1904.33794
high_value_component,B1_EMA,0.07,1864.153625
high_value_component,B1_EMA,0.08,1823.969309
high_value_component,B1_EMA,0.09,1783.784994
high_value_component,B1_EMA,0.1,1743.600678
high_value_component,B1_EMA,0.11,1703.416362
high_value_component,B1_EMA,0.12,1663.232047
high_value_component,B1_EMA,0.13,1623.047731
high_value_component,B1_EMA,0.14,1582.863416
high_value_component,B1_EMA,0.15,1542.6791
high_value_component,B1_EMA,0.16,1502.494785
high_value_component,B1_EMA,0.17,1462.310469
high_value_component,B1_EMA,0.18,1422.126153
high_value_component,B1_EMA,0.19,1381.941838
high_value_component,B1_EMA,0.2,1341.757522
high_value_component,B1_EMA,0.21,1301.573207
high_value_component,B1_EMA,0.22,1261.388891
high_value_component,B1_EMA,0.23,1221.204575
high_value_component,B1_EMA,0.24,1181.02026
high_value_component,B1_EMA,0.25,1140.835944
high_value_component,B1_EMA,0.26,1100.651629
high_value_component,B1_EMA,0.27,1060.467313
high_value_component,B1_EMA,0.28,1020.282998
high_value_component,B1_EMA,0.29,980.098682
high_value_component,B1_EMA,0.3,939.9143664
high_value_component,B1_EMA,0.31,899.7300508
high_value_component,B1_EMA,0.32,859.5457352
high_value_component,B1_EMA,0.33,819.3614197
high_value_component,B1_EMA,0.34,779.1771041
high_value_component,B1_EMA,0.35,738.9927885
high_value_component,B1_EMA,0.36,698.8084729
high_value_component,B1_EMA,0.37,658.6241573
high_value_component,B1_EMA,0.38,618.4398418
high_value_component,B1_EMA,0.39,578.2555262
high_value_component,B1_EMA,0.4,538.0712106
high_value_component,B1_EMA,0.41,497.886895
high_value_component,B1_EMA,0.42,457.7025794
high_value_component,B1_EMA,0.43,417.5182639
high_value_component,B1_EMA,0.44,377.3339483
high_value_component,B1_EMA,0.45,337.1496327
high_value_component,B1_EMA,0.46,296.9653171
high_value_component,B1_EMA,0.47,256.7810015
high_value_component,B1_EMA,0.48,216.5966859
high_value_component,B1_EMA,0.49,176.4123704
high_value_component,B1_EMA,0.5,136.2280548
high_value_component,B1_EMA,0.51,96.04373921
high_value_component,B1_EMA,0.52,55.85942363
high_value_component,B1_EMA,0.53,15.67510804
high_value_component,B1_EMA,0.54,-24.50920754
high_value_component,B1_EMA,0.55,-64.69352312
high_value_component,B1_EMA,0.56,-104.8778387
high_value_component,B1_EMA,0.57,-145.0621543
high_value_component,B1_EMA,0.58,-185.2464699
high_value_component,B1_EMA,0.59,-225.4307854
high_value_component,B1_EMA,0.6,-265.615101
high_value_component,B1_EMA,0.61,-305.7994166
high_value_component,B1_EMA,0.62,-345.9837322
high_value_component,B1_EMA,0.63,-386.1680478
high_value_component,B1_EMA,0.64,-426.3523633
high_value_component,B1_EMA,0.65,-466.5366789
high_value_component,B1_EMA,0.66,-506.7209945
high_value_component,B1_EMA,0.67,-546.9053101
high_value_component,B1_EMA,0.68,-587.0896257
high_value_component,B1_EMA,0.69,-627.2739412
high_value_component,B1_EMA,0.7,-667.4582568
high_value_component,B1_EMA,0.71,-707.6425724
high_value_component,B1_EMA,0.72,-747.826888
high_value_component,B1_EMA,0.73,-788.0112036
high_value_component,B1_EMA,0.74,-828.1955192
high_value_component,B1_EMA,0.75,-868.3798347
high_value_component,B1_EMA,0.76,-908.5641503
high_value_component,B1_EMA,0.77,-948.7484659
high_value_component,B1_EMA,0.78,-988.9327815
high_value_component,B1_EMA,0.79,-1029.117097
high_value_component,B1_EMA,0.8,-1069.301413
high_value_component,B1_EMA,0.81,-1109.485728
high_value_component,B1_EMA,0.82,-1149.670044
high_value_component,B1_EMA,0.83,-1189.854359
high_value_component,B1_EMA,0.84,-1230.038675
high_value_component,B1_EMA,0.85,-1270.222991
high_value_component,B1_EMA,0.86,-1310.407306
high_value_component,B1_EMA,0.87,-1350.591622
high_value_component,B1_EMA,0.88,-1390.775937
high_value_component,B1_EMA,0.89,-1430.960253
high_value_component,B1_EMA,0.9,-1471.144568
high_value_component,B1_EMA,0.91,-1511.328884
high_value_component,B1_EMA,0.92,-1551.5132
high_value_component,B1_EMA,0.93,-1591.697515
high_value_component,B1_EMA,0.94,-1631.881831
high_value_component,B1_EMA,0.95,-1672.066146
high_value_component,B1_EMA,0.96,-1712.250462
high_value_component,B1_EMA,0.97,-1752.434778
high_value_component,B1_EMA,0.98,-1792.619093
high_value_component,B1_EMA,0.99,-1832.803409
high_value_component,B1_EMA,1,-1872.987724
high_value_component,B2_EMA_kofN,0,2136.92171
high_value_component,B2_EMA_kofN,0.01,2098.689691
high_value_component,B2_EMA_kofN,0.02,2060.457672
high_value_component,B2_EMA_kofN,0.03,2022.225653
high_value_component,B2_EMA_kofN,0.04,1983.993634
high_value_component,B2_EMA_kofN,0.05,1945.761615
high_value_component,B2_EMA_kofN,0.06,1907.529596
high_value_component,B2_EMA_kofN,0.07,1869.297577
high_value_component,B2_EMA_kofN,0.08,1831.065558
high_value_component,B2_EMA_kofN,0.09,1792.833539
high_value_component,B2_EMA_kofN,0.1,1754.60152
high_value_component,B2_EMA_kofN,0.11,1716.369501
high_value_component,B2_EMA_kofN,0.12,1678.137482
high_value_component,B2_EMA_kofN,0.13,1639.905463
high_value_component,B2_EMA_kofN,0.14,1601.673444
high_value_component,B2_EMA_kofN,0.15,1563.441425
high_value_component,B2_EMA_kofN,0.16,1525.209406
high_value_component,B2_EMA_kofN,0.17,1486.977387
high_value_component,B2_EMA_kofN,0.18,1448.745368
high_value_component,B2_EMA_kofN,0.19,1410.513349
high_value_component,B2_EMA_kofN,0.2,1372.28133
high_value_component,B2_EMA_kofN,0.21,1334.049311
high_value_component,B2_EMA_kofN,0.22,1295.817292
high_value_component,B2_EMA_kofN,0.23,1257.585273
high_value_component,B2_EMA_kofN,0.24,1219.353254
high_value_component,B2_EMA_kofN,0.25,1181.121235
high_value_component,B2_EMA_kofN,0.26,1142.889216
high_value_component,B2_EMA_kofN,0.27,1104.657197
high_value_component,B2_EMA_kofN,0.28,1066.425178
high_value_component,B2_EMA_kofN,0.29,1028.193159
high_value_component,B2_EMA_kofN,0.3,989.9611395
high_value_component,B2_EMA_kofN,0.31,951.7291205
high_value_component,B2_EMA_kofN,0.32,913.4971015
high_value_component,B2_EMA_kofN,0.33,875.2650825
high_value_component,B2_EMA_kofN,0.34,837.0330635
high_value_component,B2_EMA_kofN,0.35,798.8010445
high_value_component,B2_EMA_kofN,0.36,760.5690255
high_value_component,B2_EMA_kofN,0.37,722.3370065
high_value_component,B2_EMA_kofN,0.38,684.1049875
high_value_component,B2_EMA_kofN,0.39,645.8729685
high_value_component,B2_EMA_kofN,0.4,607.6409495
high_value_component,B2_EMA_kofN,0.41,569.4089304
high_value_component,B2_EMA_kofN,0.42,531.1769114
high_value_component,B2_EMA_kofN,0.43,492.9448924
high_value_component,B2_EMA_kofN,0.44,454.7128734
high_value_component,B2_EMA_kofN,0.45,416.4808544
high_value_component,B2_EMA_kofN,0.46,378.2488354
high_value_component,B2_EMA_kofN,0.47,340.0168164
high_value_component,B2_EMA_kofN,0.48,301.7847974
high_value_component,B2_EMA_kofN,0.49,263.5527784
high_value_component,B2_EMA_kofN,0.5,225.3207594
high_value_component,B2_EMA_kofN,0.51,187.0887404
high_value_component,B2_EMA_kofN,0.52,148.8567214
high_value_component,B2_EMA_kofN,0.53,110.6247023
high_value_component,B2_EMA_kofN,0.54,72.39268334
high_value_component,B2_EMA_kofN,0.55,34.16066433
high_value_component,B2_EMA_kofN,0.56,-4.071354675
high_value_component,B2_EMA_kofN,0.57,-42.30337368
high_value_component,B2_EMA_kofN,0.58,-80.53539269
high_value_component,B2_EMA_kofN,0.59,-118.7674117
high_value_component,B2_EMA_kofN,0.6,-156.9994307
high_value_component,B2_EMA_kofN,0.61,-195.2314497
high_value_component,B2_EMA_kofN,0.62,-233.4634687
high_value_component,B2_EMA_kofN,0.63,-271.6954877
high_value_component,B2_EMA_kofN,0.64,-309.9275067
high_value_component,B2_EMA_kofN,0.65,-348.1595257
high_value_component,B2_EMA_kofN,0.66,-386.3915448
high_value_component,B2_EMA_kofN,0.67,-424.6235638
high_value_component,B2_EMA_kofN,0.68,-462.8555828
high_value_component,B2_EMA_kofN,0.69,-501.0876018
high_value_component,B2_EMA_kofN,0.7,-539.3196208
high_value_component,B2_EMA_kofN,0.71,-577.5516398
high_value_component,B2_EMA_kofN,0.72,-615.7836588
high_value_component,B2_EMA_kofN,0.73,-654.0156778
high_value_component,B2_EMA_kofN,0.74,-692.2476968
high_value_component,B2_EMA_kofN,0.75,-730.4797158
high_value_component,B2_EMA_kofN,0.76,-768.7117348
high_value_component,B2_EMA_kofN,0.77,-806.9437538
high_value_component,B2_EMA_kofN,0.78,-845.1757729
high_value_component,B2_EMA_kofN,0.79,-883.4077919
high_value_component,B2_EMA_kofN,0.8,-921.6398109
high_value_component,B2_EMA_kofN,0.81,-959.8718299
high_value_component,B2_EMA_kofN,0.82,-998.1038489
high_value_component,B2_EMA_kofN,0.83,-1036.335868
high_value_component,B2_EMA_kofN,0.84,-1074.567887
high_value_component,B2_EMA_kofN,0.85,-1112.799906
high_value_component,B2_EMA_kofN,0.86,-1151.031925
high_value_component,B2_EMA_kofN,0.87,-1189.263944
high_value_component,B2_EMA_kofN,0.88,-1227.495963
high_value_component,B2_EMA_kofN,0.89,-1265.727982
high_value_component,B2_EMA_kofN,0.9,-1303.960001
high_value_component,B2_EMA_kofN,0.91,-1342.19202
high_value_component,B2_EMA_kofN,0.92,-1380.424039
high_value_component,B2_EMA_kofN,0.93,-1418.656058
high_value_component,B2_EMA_kofN,0.94,-1456.888077
high_value_component,B2_EMA_kofN,0.95,-1495.120096
high_value_component,B2_EMA_kofN,0.96,-1533.352115
high_value_component,B2_EMA_kofN,0.97,-1571.584134
high_value_component,B2_EMA_kofN,0.98,-1609.816153
high_value_component,B2_EMA_kofN,0.99,-1648.048172
high_value_component,B2_EMA_kofN,1,-1686.280191
high_value_component,B3_Full_Policy,0,2141.956745
high_value_component,B3_Full_Policy,0.01,2052.568094
high_value_component,B3_Full_Policy,0.02,1963.179442
high_value_component,B3_Full_Policy,0.03,1873.790791
high_value_component,B3_Full_Policy,0.04,1784.40214
high_value_component,B3_Full_Policy,0.05,1695.013489
high_value_component,B3_Full_Policy,0.06,1605.624837
high_value_component,B3_Full_Policy,0.07,1516.236186
high_value_component,B3_Full_Policy,0.08,1426.847535
high_value_component,B3_Full_Policy,0.09,1337.458884
high_value_component,B3_Full_Policy,0.1,1248.070232
high_value_component,B3_Full_Policy,0.11,1158.681581
high_value_component,B3_Full_Policy,0.12,1069.29293
high_value_component,B3_Full_Policy,0.13,979.9042784
high_value_component,B3_Full_Policy,0.14,890.5156272
high_value_component,B3_Full_Policy,0.15,801.1269759
high_value_component,B3_Full_Policy,0.16,711.7383246
high_value_component,B3_Full_Policy,0.17,622.3496733
high_value_component,B3_Full_Policy,0.18,532.9610221
high_value_component,B3_Full_Policy,0.19,443.5723708
high_value_component,B3_Full_Policy,0.2,354.1837195
high_value_component,B3_Full_Policy,0.21,264.7950682
high_value_component,B3_Full_Policy,0.22,175.406417
high_value_component,B3_Full_Policy,0.23,86.01776569
high_value_component,B3_Full_Policy,0.24,-3.370885588
high_value_component,B3_Full_Policy,0.25,-92.75953686
high_value_component,B3_Full_Policy,0.26,-182.1481881
high_value_component,B3_Full_Policy,0.27,-271.5368394
high_value_component,B3_Full_Policy,0.28,-360.9254907
high_value_component,B3_Full_Policy,0.29,-450.314142
high_value_component,B3_Full_Policy,0.3,-539.7027932
high_value_component,B3_Full_Policy,0.31,-629.0914445
high_value_component,B3_Full_Policy,0.32,-718.4800958
high_value_component,B3_Full_Policy,0.33,-807.8687471
high_value_component,B3_Full_Policy,0.34,-897.2573983
high_value_component,B3_Full_Policy,0.35,-986.6460496
high_value_component,B3_Full_Policy,0.36,-1076.034701
high_value_component,B3_Full_Policy,0.37,-1165.423352
high_value_component,B3_Full_Policy,0.38,-1254.812003
high_value_component,B3_Full_Policy,0.39,-1344.200655
high_value_component,B3_Full_Policy,0.4,-1433.589306
high_value_component,B3_Full_Policy,0.41,-1522.977957
high_value_component,B3_Full_Policy,0.42,-1612.366609
high_value_component,B3_Full_Policy,0.43,-1701.75526
high_value_component,B3_Full_Policy,0.44,-1791.143911
high_value_component,B3_Full_Policy,0.45,-1880.532562
high_value_component,B3_Full_Policy,0.46,-1969.921214
high_value_component,B3_Full_Policy,0.47,-2059.309865
high_value_component,B3_Full_Policy,0.48,-2148.698516
high_value_component,B3_Full_Policy,0.49,-2238.087167
high_value_component,B3_Full_Policy,0.5,-2327.475819
high_value_component,B3_Full_Policy,0.51,-2416.86447
high_value_component,B3_Full_Policy,0.52,-2506.253121
high_value_component,B3_Full_Policy,0.53,-2595.641773
high_value_component,B3_Full_Policy,0.54,-2685.030424
high_value_component,B3_Full_Policy,0.55,-2774.419075
high_value_component,B3_Full_Policy,0.56,-2863.807726
high_value_component,B3_Full_Policy,0.57,-2953.196378
high_value_component,B3_Full_Policy,0.58,-3042.585029
high_value_component,B3_Full_Policy,0.59,-3131.97368
high_value_component,B3_Full_Policy,0.6,-3221.362331
high_value_component,B3_Full_Policy,0.61,-3310.750983
high_value_component,B3_Full_Policy,0.62,-3400.139634
high_value_component,B3_Full_Policy,0.63,-3489.528285
high_value_component,B3_Full_Policy,0.64,-3578.916937
high_value_component,B3_Full_Policy,0.65,-3668.305588
high_value_component,B3_Full_Policy,0.66,-3757.694239
high_value_component,B3_Full_Policy,0.67,-3847.08289
high_value_component,B3_Full_Policy,0.68,-3936.471542
high_value_component,B3_Full_Policy,0.69,-4025.860193
high_value_component,B3_Full_Policy,0.7,-4115.248844
high_value_component,B3_Full_Policy,0.71,-4204.637496
high_value_component,B3_Full_Policy,0.72,-4294.026147
high_value_component,B3_Full_Policy,0.73,-4383.414798
high_value_component,B3_Full_Policy,0.74,-4472.803449
high_value_component,B3_Full_Policy,0.75,-4562.192101
high_value_component,B3_Full_Policy,0.76,-4651.580752
high_value_component,B3_Full_Policy,0.77,-4740.969403
high_value_component,B3_Full_Policy,0.78,-4830.358054
high_value_component,B3_Full_Policy,0.79,-4919.746706
high_value_component,B3_Full_Policy,0.8,-5009.135357
high_value_component,B3_Full_Policy,0.81,-5098.524008
high_value_component,B3_Full_Policy,0.82,-5187.91266
high_value_component,B3_Full_Policy,0.83,-5277.301311
high_value_component,B3_Full_Policy,0.84,-5366.689962
high_value_component,B3_Full_Policy,0.85,-5456.078613
high_value_component,B3_Full_Policy,0.86,-5545.467265
high_value_component,B3_Full_Policy,0.87,-5634.855916
high_value_component,B3_Full_Policy,0.88,-5724.244567
high_value_component,B3_Full_Policy,0.89,-5813.633218
high_value_component,B3_Full_Policy,0.9,-5903.02187
high_value_component,B3_Full_Policy,0.91,-5992.410521
high_value_component,B3_Full_Policy,0.92,-6081.799172
high_value_component,B3_Full_Policy,0.93,-6171.187824
high_value_component,B3_Full_Policy,0.94,-6260.576475
high_value_component,B3_Full_Policy,0.95,-6349.965126
high_value_component,B3_Full_Policy,0.96,-6439.353777
high_value_component,B3_Full_Policy,0.97,-6528.742429
high_value_component,B3_Full_Policy,0.98,-6618.13108
high_value_component,B3_Full_Policy,0.99,-6707.519731
high_value_component,B3_Full_Policy,1,-6796.908383
