scenario,tier,ppv,delta_C_omega0,delta_C_omega1,omega_star,status
precision_component,B0_Raw,0.6578359894,-2.10666804,-2.599931695,,none_negative
precision_component,B1_EMA,0.9830545166,-1.389390541,-1.413814433,,none_negative
precision_component,B2_EMA_kofN,0.9834593248,-1.450553742,-1.474364896,,none_negative
precision_component,B3_Full_Policy,0.789283214,0.4867665104,0.1834288444,,none_positive
machined_metal,B0_Raw,0.0771419103,33.34606582,-183.8557897,0.153525695,root
machined_metal,B1_EMA,0.7160941598,46.17140189,-20.64476238,0.6910214376,root
machined_metal,B2_EMA_kofN,0.721066819,46.05580148,-19.56948615,0.7017996133,root
machined_metal,B3_Full_Policy,0.1400488865,47.72918063,-154.5936085,0.2359061024,root
high_value_component,B0_Raw,0.05071830046,2095.047183,-7212.850179,0.2250827552,root
high_value_component,B1_EMA,0.6171760276,2145.146772,-1607.989127,0.571561177,root
high_value_component,B2_EMA_kofN,0.6229690398,2136.243601,-1556.783965,0.5784531967,root
high_value_component,B3_Full_Policy,0.09427889872,2141.140402,-6730.420152,0.2413487897,root
