detector,dataset,category,auroc,recall_q99,recall_q99_min,recall_q99_max,fpr_q99,n_defect,n_good_eval
patchcore,mvtec,bottle,1,1,1,1,0.01075268817,63,62
patchcore,mvtec,cable,0.9876178416,0.8188405797,0.75,0.8586956522,0.02265372168,92,103
patchcore,mvtec,capsule,0.9682322333,0.7920489297,0.7431192661,0.8165137615,0.03482587065,109,67
patchcore,mvtec,carpet,0.9845728554,0.9625468165,0.9550561798,0.9662921348,0.06349206349,89,84
patchcore,mvtec,grid,0.9359095938,0.6725146199,0.5964912281,0.8070175439,0.01351351351,57,74
patchcore,mvtec,hazelnut,0.999677159,0.9857142857,0.9571428571,1,0.008474576271,70,118
patchcore,mvtec,leather,1,1,1,1,0.1152263374,92,81
patchcore,mvtec,metal_nut,0.9922884762,0.9641577061,0.9569892473,0.9677419355,0.0101010101,93,66
patchcore,mvtec,pill,0.917287234,0.524822695,0.4964539007,0.5460992908,0.025,141,80
patchcore,mvtec,screw,0.9605175403,0.5966386555,0.5210084034,0.6470588235,0.01587301587,119,105
patchcore,mvtec,tile,0.9974884469,0.9642857143,0.9523809524,0.9761904762,0.01265822785,84,79
patchcore,mvtec,toothbrush,0.9587962963,0.9444444444,0.9333333333,0.9666666667,0.2638888889,30,24
patchcore,mvtec,transistor,0.9937091503,0.9333333333,0.9,0.95,0.01633986928,40,102
patchcore,mvtec,wood,0.9962962963,0.9111111111,0.8333333333,1,0.06763285024,60,69
patchcore,mvtec,zipper,0.9801470588,0.9691876751,0.9579831933,0.9831932773,0.04583333333,119,80
patchcore,visa,candle,0.9648690476,0.5633333333,0.51,0.6,0.008333333333,100,280
patchcore,visa,capsules,0.7184220907,0.3766666667,0.36,0.41,0.03353057199,100,169
patchcore,visa,cashew,0.935,0.57,0.49,0.68,0.02619047619,100,140
patchcore,visa,chewinggum,0.9860238095,0.9433333333,0.93,0.96,0.009523809524,100,140
patchcore,visa,fryum,0.9027142857,0.6066666667,0.6,0.61,0.02619047619,100,140
patchcore,visa,macaroni1,0.904297619,0.3066666667,0.29,0.33,0.008333333333,100,280
patchcore,visa,macaroni2,0.7174166667,0.1366666667,0.06,0.18,0.0119047619,100,280
patchcore,visa,pcb1,0.9428232503,0.5733333333,0.52,0.68,0.02609727165,100,281
patchcore,visa,pcb2,0.948297619,0.5733333333,0.48,0.68,0.025,100,280
patchcore,visa,pcb3,0.9222931442,0.47,0.43,0.51,0.02364066194,100,282
patchcore,visa,pcb4,0.9940189125,0.9166666667,0.9,0.94,0.01536643026,100,282
patchcore,visa,pipe_fryum,0.9889761905,0.77,0.56,0.96,0.009523809524,100,140
padim,mvtec,bottle,0.9980372077,0.9788359788,0.9523809524,1,0.02688172043,63,62
padim,mvtec,cable,0.8611931898,0.3514492754,0.1956521739,0.6086956522,0.04854368932,92,103
padim,mvtec,capsule,0.8851157059,0.4648318043,0.3853211009,0.5504587156,0.07462686567,109,67
padim,mvtec,carpet,0.9854200107,0.9400749064,0.9325842697,0.9438202247,0.03174603175,89,84
padim,mvtec,grid,0.9020072704,0.6608187135,0.5438596491,0.8245614035,0.03603603604,57,74
padim,mvtec,hazelnut,0.9221146086,0.6333333333,0.4857142857,0.7571428571,0.05367231638,70,118
padim,mvtec,leather,0.9998658078,1,1,1,0.09465020576,92,81
padim,mvtec,metal_nut,0.982078853,0.9426523297,0.935483871,0.9462365591,0.08080808081,93,66
padim,mvtec,pill,0.8040780142,0.2576832151,0.2056737589,0.3546099291,0.04166666667,141,80
padim,mvtec,screw,0.752114179,0.1260504202,0.01680672269,0.2016806723,0.02857142857,119,105
padim,mvtec,tile,0.949718706,0.4246031746,0.25,0.6785714286,0.008438818565,84,79
padim,mvtec,toothbrush,0.9365740741,0.8444444444,0.6,1,0.1527777778,30,24
padim,mvtec,transistor,0.8895424837,0.3166666667,0.175,0.425,0.01960784314,40,102
padim,mvtec,wood,0.9884057971,0.9111111111,0.9,0.9333333333,0.02415458937,60,69
padim,mvtec,zipper,0.9102591036,0.487394958,0.2605042017,0.6974789916,0.07083333333,119,80
padim,visa,candle,0.875047619,0.1366666667,0.1,0.19,0.01666666667,100,280
padim,visa,capsules,0.6379487179,0.09333333333,0.03,0.16,0.02761341223,100,169
padim,visa,cashew,0.8735952381,0.1266666667,0.02,0.31,0.007142857143,100,140
padim,visa,chewinggum,0.9776190476,0.8533333333,0.8,0.89,0.01428571429,100,140
padim,visa,fryum,0.9033333333,0.18,0.14,0.24,0.01428571429,100,140
padim,visa,macaroni1,0.81975,0.1,0.01,0.16,0.01428571429,100,280
padim,visa,macaroni2,0.70825,0.01333333333,0,0.03,0.004761904762,100,280
padim,visa,pcb1,0.9224317912,0.3366666667,0.18,0.42,0.02728351127,100,281
padim,visa,pcb2,0.8300357143,0.1733333333,0.14,0.2,0.01071428571,100,280
padim,visa,pcb3,0.7237352246,0.14,0.13,0.15,0.01063829787,100,282
padim,visa,pcb4,0.9546808511,0.46,0.24,0.65,0.02718676123,100,282
padim,visa,pipe_fryum,0.9175952381,0.46,0.33,0.59,0.02857142857,100,140
