variant,part_mass,embodied_per_part,pi_star_at_central_throughput,defects_per_hour_star
jetson_low_grid,0.001,0.00916,0.01741567979,2.089881575
jetson_low_grid,0.001111305166,0.01017955532,0.01563981038,1.876777245
jetson_low_grid,0.001234999173,0.01131259242,0.01404791079,1.685749294
jetson_low_grid,0.001372460961,0.0125717424,0.0126203668,1.514444016
jetson_low_grid,0.001525222957,0.01397104228,0.01133976225,1.36077147
jetson_low_grid,0.001694988151,0.01552609147,0.01019061236,1.222873484
jetson_low_grid,0.001883649089,0.01725422566,0.009159133246,1.09909599
jetson_low_grid,0.002093308965,0.01917471012,0.008233041918,0.9879650301
jetson_low_grid,0.002326305067,0.02130895442,0.007401382305,0.8881658766
jetson_low_grid,0.00258523484,0.02368075113,0.006654373391,0.7985248069
jetson_low_grid,0.002872984833,0.02631654107,0.005983276324,0.7179931589
jetson_low_grid,0.003192762888,0.02924570805,0.005380277852,0.6456333422
jetson_low_grid,0.003548133892,0.03250090645,0.004838387821,0.5806065385
jetson_low_grid,0.003943059525,0.03611842525,0.004351348871,0.5221618645
jetson_low_grid,0.004381942422,0.04013859258,0.003913556708,0.4696268049
jetson_low_grid,0.004869675252,0.04460622531,0.003519989602,0.4223987523
jetson_low_grid,0.005411695265,0.04957112863,0.003166145938,0.3799375126
jetson_low_grid,0.006014044907,0.05508865135,0.002847988812,0.3417586574
jetson_low_grid,0.006683439176,0.06122030285,0.002561896824,0.3074276189
jetson_low_grid,0.007427340485,0.06803443884,0.002304620315,0.2765544378
jetson_low_grid,0.008254041853,0.07560702337,0.002073242394,0.2487890873
jetson_low_grid,0.009172759354,0.08402247568,0.001865144215,0.2238173058
jetson_low_grid,0.01019373486,0.09337461131,0.001677973993,0.2013568791
jetson_low_grid,0.01132835021,0.103767688,0.00150961934,0.1811543208
jetson_low_grid,0.01258925412,0.1153175677,0.001358182555,0.1629819066
jetson_low_grid,0.01399050314,0.1281530088,0.001221958524,0.1466350229
jetson_low_grid,0.01554771842,0.1424171007,0.001099414948,0.1319297938
jetson_low_grid,0.01727825981,0.1582688598,0.000989174646,0.1187009575
jetson_low_grid,0.01920141939,0.1758850016,0.0008899997046,0.1067999646
jetson_low_grid,0.02133863656,0.1954619109,0.0008007772742,0.0960932729
jetson_low_grid,0.02371373706,0.2172178314,0.0007205068373,0.08646082047
jetson_low_grid,0.0263531985,0.2413952983,0.0006482887913,0.07779465496
jetson_low_grid,0.02928644565,0.2682638421,0.0005833142064,0.06999770477
jetson_low_grid,0.03254617835,0.2981229937,0.0005248556349,0.06298267619
jetson_low_grid,0.03616873614,0.3313056231,0.0004722588625,0.0566710635
jetson_low_grid,0.04019450334,0.3681816506,0.0004249355016,0.05099226019
jetson_low_grid,0.04466835922,0.4091621704,0.0003823563412,0.04588276094
jetson_low_grid,0.04964017837,0.4547040338,0.0003440453726,0.04128544471
jetson_low_grid,0.05516538668,0.505314942,0.0003095744235,0.03714893082
jetson_low_grid,0.06130557921,0.5615591056,0.000278558336,0.03342700032
jetson_low_grid,0.06812920691,0.6240635353,0.0002506506338,0.03007807605
jetson_low_grid,0.07571233961,0.6935250308,0.0002255396277,0.02706475532
jetson_low_grid,0.08413951416,0.7707179497,0.0002029449154,0.02435338985
jetson_low_grid,0.09350467678,0.8565028393,0.0001826142348,0.02191370818
jetson_low_grid,0.1039122304,0.9518360303,0.0001643206348,0.01971847618
jetson_low_grid,0.1154781985,1.057780298,0.0001478599316,0.01774319179
jetson_low_grid,0.1283315186,1.17551671,0.0001330484214,0.01596581057
jetson_low_grid,0.1426154796,1.306357793,0.0001197208238,0.01436649886
jetson_low_grid,0.1584893192,1.451762164,0.0001077284319,0.01292741182
jetson_low_grid,0.1761299993,1.613350793,9.693744819e-05,0.01163249378
jetson_low_grid,0.1957341781,1.792925072,8.722748907e-05,0.01046729869
jetson_low_grid,0.2175204034,1.992486895,7.849023833e-05,0.009418828599
jetson_low_grid,0.2417315481,2.21426098,7.062823676e-05,0.008475388411
jetson_low_grid,0.2686375182,2.460719667,6.355379317e-05,0.007626455181
jetson_low_grid,0.2985382619,2.734610479,5.718800473e-05,0.006862560568
jetson_low_grid,0.3317671128,3.038986753,5.145987571e-05,0.006175185085
jetson_low_grid,0.3686945065,3.377241679,4.630552471e-05,0.005556662965
jetson_low_grid,0.4097321098,3.753146126,4.166747139e-05,0.005000096567
jetson_low_grid,0.4553374104,4.17089068,3.749399486e-05,0.004499279384
jetson_low_grid,0.5060188166,4.63513236,3.373855633e-05,0.00404862676
jetson_low_grid,0.5623413252,5.151046539,3.035927974e-05,0.003643113569
jetson_low_grid,0.6249328199,5.72438463,2.731848447e-05,0.003278218137
jetson_low_grid,0.6944910714,6.361538214,2.458226491e-05,0.002949871789
jetson_low_grid,0.7717915156,7.069610283,2.212011212e-05,0.002654413454
jetson_low_grid,0.8576958986,7.856494431,1.990457355e-05,0.002388548826
jetson_low_grid,0.9531618832,8.73096285,1.791094673e-05,0.002149313608
jetson_low_grid,1.059253725,9.702764123,1.611700377e-05,0.001934040452
jetson_low_grid,1.177154137,10.7827319,1.45027434e-05,0.001740329208
jetson_low_grid,1.308177474,11.98290566,1.305016792e-05,0.00156602015
jetson_low_grid,1.453784386,13.31666497,1.174308244e-05,0.001409169892
jetson_low_grid,1.615598098,14.79887858,1.05669143e-05,0.001268029716
jetson_low_grid,1.795422513,16.44607022,9.508550561e-06,0.001141026067
jetson_low_grid,1.995262315,18.27660281,8.556191739e-06,0.001026743009
jetson_low_grid,2.217345319,20.31088312,7.699220264e-06,0.0009239064316
jetson_low_grid,2.464147308,22.57158934,6.928082067e-06,0.0008313698481
jetson_low_grid,2.738419634,25.08392385,6.234180057e-06,0.0007481016068
jetson_low_grid,3.043219887,27.87589417,5.609778252e-06,0.0006731733902
jetson_low_grid,3.381945983,30.9786252,5.047915528e-06,0.0006057498633
jetson_low_grid,3.758374043,34.42670623,4.542328001e-06,0.0005450793601
jetson_low_grid,4.176700491,38.2585765,4.08737919e-06,0.0004904855027
jetson_low_grid,4.641588834,42.51695372,3.677997167e-06,0.0004413596601
jetson_low_grid,5.158221651,47.24931032,3.309618016e-06,0.0003971541619
jetson_low_grid,5.732358369,52.50840266,2.978134941e-06,0.000357376193
jetson_low_grid,6.370399471,58.35285916,2.679852487e-06,0.0003215822984
jetson_low_grid,7.079457844,64.84783385,2.411445331e-06,0.0002893734397
jetson_low_grid,7.867438077,72.06573278,2.169921215e-06,0.0002603905458
jetson_low_grid,8.74312458,80.08702115,1.952587584e-06,0.0002343105101
jetson_low_grid,9.716279516,89.00112036,1.757021565e-06,0.0002108425878
jetson_low_grid,10.79775162,98.90740487,1.581042958e-06,0.0001897251549
jetson_low_grid,11.99959716,109.91631,1.422689929e-06,0.0001707227914
jetson_low_grid,13.33521432,122.1505632,1.280197139e-06,0.0001536236566
jetson_low_grid,14.81949257,135.7465519,1.151976062e-06,0.0001382371274
jetson_low_grid,16.46897865,150.8558445,1.036597276e-06,0.0001243916731
jetson_low_grid,18.30206106,167.6468793,9.327745273e-07,0.0001119329433
jetson_low_grid,20.33917501,186.3068431,8.393503915e-07,0.000100722047
jetson_low_grid,22.60303027,207.0437573,7.552833689e-07,9.063400427e-05
jetson_low_grid,25.11886432,230.0887971,6.796362742e-07,8.155635291e-05
jetson_low_grid,27.91472369,255.698869,6.115657889e-07,7.338789466e-05
jetson_low_grid,31.02177665,284.1594741,5.50313059e-07,6.603756708e-05
jetson_low_grid,34.47466066,315.7878916,4.951952358e-07,5.942342829e-05
jetson_low_grid,38.3118685,350.9367154,4.455978631e-07,5.347174357e-05
jetson_low_grid,42.57617739,389.9977849,4.009680271e-07,4.811616326e-05
jetson_low_grid,47.3151259,433.4065532,3.608081926e-07,4.329698312e-05
jetson_low_grid,52.58154385,481.6469417,3.246706562e-07,3.896047874e-05
jetson_low_grid,58.43414134,535.2567347,2.921525552e-07,3.505830662e-05
jetson_low_grid,64.93816316,594.8335745,2.628913769e-07,3.154696523e-05
jetson_low_grid,72.16611621,661.0416245,2.365609167e-07,2.838731e-05
jetson_low_grid,80.19857778,734.6189724,2.128676419e-07,2.554411703e-05
jetson_low_grid,89.12509381,816.3858593,1.915474193e-07,2.298569032e-05
jetson_low_grid,99.0451772,907.2538232,1.723625705e-07,2.068350846e-05
jetson_low_grid,110.0694171,1008.235861,1.550992223e-07,1.861190668e-05
jetson_low_grid,122.3207119,1120.457721,1.395649226e-07,1.674779071e-05
jetson_low_grid,135.9356391,1245.170454,1.255864947e-07,1.507037936e-05
jetson_low_grid,151.065978,1383.764359,1.130081067e-07,1.356097281e-05
jetson_low_grid,167.8804018,1537.784481,1.016895347e-07,1.220274416e-05
jetson_low_grid,186.5663579,1708.947838,9.150459887e-08,1.098055186e-05
jetson_low_grid,207.3321573,1899.162561,8.23397575e-08,9.8807709e-06
jetson_low_grid,230.4092976,2110.549166,7.409284075e-08,8.89114089e-06
jetson_low_grid,256.0550428,2345.464192,6.667191188e-08,8.000629425e-06
jetson_low_grid,284.5552919,2606.526474,5.999424225e-08,7.19930907e-06
jetson_low_grid,316.227766,2896.646337,5.398538912e-08,6.478246694e-06
jetson_central,0.001,0.00916,0.02731159193,3.277391031
jetson_central,0.001111305166,0.01017955532,0.02445150227,2.934180273
jetson_central,0.001234999173,0.01131259242,0.02190255556,2.628306667
jetson_central,0.001372460961,0.0125717424,0.01962861926,2.355434312
jetson_central,0.001525222957,0.01397104228,0.01759820268,2.111784322
jetson_central,0.001694988151,0.01552609147,0.01578377518,1.894053021
jetson_central,0.001883649089,0.01725422566,0.01416120045,1.699344053
jetson_central,0.002093308965,0.01917471012,0.01270926415,1.525111698
jetson_central,0.002326305067,0.02130895442,0.0114092773,1.369113276
jetson_central,0.00258523484,0.02368075113,0.01024474138,1.229368966
jetson_central,0.002872984833,0.02631654107,0.009201064291,1.104127715
jetson_central,0.003192762888,0.02924570805,0.008265318122,0.9918381746
jetson_central,0.003548133892,0.03250090645,0.007426031826,0.8911238191
jetson_central,0.003943059525,0.03611842525,0.006673012955,0.8007615546
jetson_central,0.004381942422,0.04013859258,0.005997193838,0.7196632605
jetson_central,0.004869675252,0.04460622531,0.005390498362,0.6468598034
jetson_central,0.005411695265,0.04957112863,0.004845726235,0.5814871483
jetson_central,0.006014044907,0.05508865135,0.004356452122,0.5227742546
jetson_central,0.006683439176,0.06122030285,0.00391693749,0.4700324987
jetson_central,0.007427340485,0.06803443884,0.003522053378,0.4226464054
jetson_central,0.008254041853,0.07560702337,0.003167212566,0.3800655079
jetson_central,0.009172759354,0.08402247568,0.002848309865,0.3417971838
jetson_central,0.01019373486,0.09337461131,0.002561669459,0.3074003351
jetson_central,0.01132835021,0.103767688,0.002303998379,0.2764798054
jetson_central,0.01258925412,0.1153175677,0.002072345317,0.248681438
jetson_central,0.01399050314,0.1281530088,0.001864064123,0.2236876948
jetson_central,0.01554771842,0.1424171007,0.0016767814,0.2012137681
jetson_central,0.01727825981,0.1582688598,0.001508367698,0.1810041238
jetson_central,0.01920141939,0.1758850016,0.001356911882,0.1628294259
jetson_central,0.02133863656,0.1954619109,0.001220698303,0.1464837964
jetson_central,0.02371373706,0.2172178314,0.001098186433,0.131782372
jetson_central,0.0263531985,0.2413952983,0.0009879927005,0.1185591241
jetson_central,0.02928644565,0.2682638421,0.000888874255,0.1066649106
jetson_central,0.03254617835,0.2981229937,0.000799714466,0.09596573592
jetson_central,0.03616873614,0.3313056231,0.0007195099468,0.08634119362
jetson_central,0.04019450334,0.3681816506,0.0006473589437,0.07768307324
jetson_central,0.04466835922,0.4091621704,0.0005824509396,0.06989411275
jetson_central,0.04964017837,0.4547040338,0.0005240573405,0.06288688086
jetson_central,0.05516538668,0.505314942,0.0004715231279,0.05658277535
jetson_central,0.06130557921,0.5615591056,0.0004242593754,0.05091112505
jetson_central,0.06812920691,0.6240635353,0.0003817365355,0.04580838426
jetson_central,0.07571233961,0.6935250308,0.0003434784177,0.04121741012
jetson_central,0.08413951416,0.7707179497,0.0003090567834,0.03708681401
jetson_central,0.09350467678,0.8565028393,0.0002780864941,0.03337037929
jetson_central,0.1039122304,0.9518360303,0.0002502211545,0.03002653855
jetson_central,0.1154781985,1.057780298,0.0002251492004,0.02701790405
jetson_central,0.1283315186,1.17551671,0.0002025903834,0.02431084601
jetson_central,0.1426154796,1.306357793,0.0001822926139,0.02187511366
jetson_central,0.1584893192,1.451762164,0.0001640291232,0.01968349478
jetson_central,0.1761299993,1.613350793,0.000147595914,0.01771150968
jetson_central,0.1957341781,1.792925072,0.0001328094683,0.0159371362
jetson_central,0.2175204034,1.992486895,0.0001195046873,0.01434056248
jetson_central,0.2417315481,2.21426098,0.0001075330391,0.0129039647
jetson_central,0.2686375182,2.460719667,9.676089367e-05,0.01161130724
jetson_central,0.2985382619,2.734610479,8.706802525e-05,0.01044816303
jetson_central,0.3317671128,3.038986753,7.834626621e-05,0.009401551945
jetson_central,0.3686945065,3.377241679,7.049829605e-05,0.008459795526
jetson_central,0.4097321098,3.753146126,6.343655245e-05,0.007612386295
jetson_central,0.4553374104,4.17089068,5.708225186e-05,0.006849870223
jetson_central,0.5060188166,4.63513236,5.136450856e-05,0.006163741027
jetson_central,0.5623413252,5.151046539,4.621954231e-05,0.005546345078
jetson_central,0.6249328199,5.72438463,4.158996558e-05,0.004990795869
jetson_central,0.6944910714,6.361538214,3.742414236e-05,0.004490897083
jetson_central,0.7717915156,7.069610283,3.367561143e-05,0.004041073372
jetson_central,0.8576958986,7.856494431,3.030256747e-05,0.003636308096
jetson_central,0.9531618832,8.73096285,2.726739424e-05,0.003272087308
jetson_central,1.059253725,9.702764123,2.453624468e-05,0.002944349361
jetson_central,1.177154137,10.7827319,2.207866305e-05,0.002649439566
jetson_central,1.308177474,11.98290566,1.986724506e-05,0.002384069407
jetson_central,1.453784386,13.31666497,1.787733198e-05,0.002145279838
jetson_central,1.615598098,14.79887858,1.608673556e-05,0.001930408267
jetson_central,1.795422513,16.44607022,1.447549039e-05,0.001737058847
jetson_central,1.995262315,18.27660281,1.302563123e-05,0.001563075748
jetson_central,2.217345319,20.31088312,1.172099254e-05,0.001406519105
jetson_central,2.464147308,22.57158934,1.054702818e-05,0.001265643381
jetson_central,2.738419634,25.08392385,9.490649135e-06,0.001138877896
jetson_central,3.043219887,27.87589417,8.54007757e-06,0.001024809308
jetson_central,3.381945983,30.9786252,7.684715429e-06,0.0009221658515
jetson_central,3.758374043,34.42670623,6.915026259e-06,0.0008298031511
jetson_central,4.176700491,38.2585765,6.222428856e-06,0.0007466914627
jetson_central,4.641588834,42.51695372,5.599201568e-06,0.0006719041881
jetson_central,5.158221651,47.24931032,5.038396191e-06,0.0006046075429
jetson_central,5.732358369,52.50840266,4.533760488e-06,0.0005440512585
jetson_central,6.370399471,58.35285916,4.079668473e-06,0.0004895602168
jetson_central,7.079457844,64.84783385,3.671057681e-06,0.0004405269217
jetson_central,7.867438077,72.06573278,3.303372716e-06,0.000396404726
jetson_central,8.74312458,80.08702115,2.972514463e-06,0.0003567017356
jetson_central,9.716279516,89.00112036,2.674794381e-06,0.0003209753257
jetson_central,10.79775162,98.90740487,2.406893378e-06,0.0002888272053
jetson_central,11.99959716,109.91631,2.165824806e-06,0.0002598989767
jetson_central,13.33521432,122.1505632,1.948901163e-06,0.0002338681395
jetson_central,14.81949257,135.7465519,1.753704124e-06,0.0002104444949
jetson_central,16.46897865,150.8558445,1.578057588e-06,0.0001893669106
jetson_central,18.30206106,167.6468793,1.420003408e-06,0.0001704004089
jetson_central,20.33917501,186.3068431,1.277779565e-06,0.0001533335477
jetson_central,22.60303027,207.0437573,1.149800522e-06,0.0001379760626
jetson_central,25.11886432,230.0887971,1.034639548e-06,0.0001241567457
jetson_central,27.91472369,255.698869,9.310128122e-07,0.0001117215375
jetson_central,31.02177665,284.1594741,8.377650699e-07,0.0001005318084
jetson_central,34.47466066,315.7878916,7.538567842e-07,9.04628141e-05
jetson_central,38.3118685,350.9367154,6.783525363e-07,8.140230435e-05
jetson_central,42.57617739,389.9977849,6.104105973e-07,7.324927168e-05
jetson_central,47.3151259,433.4065532,5.492735445e-07,6.591282535e-05
jetson_central,52.58154385,481.6469417,4.942598171e-07,5.931117805e-05
jetson_central,58.43414134,535.2567347,4.447561178e-07,5.337073414e-05
jetson_central,64.93816316,594.8335745,4.002105762e-07,4.802526914e-05
jetson_central,72.16611621,661.0416245,3.601265957e-07,4.321519148e-05
jetson_central,80.19857778,734.6189724,3.240573178e-07,3.888687814e-05
jetson_central,89.12509381,816.3858593,2.916006404e-07,3.499207685e-05
jetson_central,99.0451772,907.2538232,2.623947349e-07,3.148736819e-05
jetson_central,110.0694171,1008.235861,2.361140126e-07,2.833368152e-05
jetson_central,122.3207119,1120.457721,2.12465495e-07,2.54958594e-05
jetson_central,135.9356391,1245.170454,1.911855474e-07,2.294226569e-05
jetson_central,151.065978,1383.764359,1.720369403e-07,2.064443284e-05
jetson_central,167.8804018,1537.784481,1.548062045e-07,1.857674454e-05
jetson_central,186.5663579,1708.947838,1.393012511e-07,1.671615013e-05
jetson_central,207.3321573,1899.162561,1.253492305e-07,1.504190766e-05
jetson_central,230.4092976,2110.549166,1.127946053e-07,1.353535263e-05
jetson_central,256.0550428,2345.464192,1.014974161e-07,1.217968993e-05
jetson_central,284.5552919,2606.526474,9.133172171e-08,1.095980661e-05
jetson_central,316.227766,2896.646337,8.21841947e-08,9.862103364e-06
jetson_high_grid,0.001,0.00916,0.06767040101,8.120448122
jetson_high_grid,0.001111305166,0.01017955532,0.05983630537,7.180356644
jetson_high_grid,0.001234999173,0.01131259242,0.05301563,6.3618756
jetson_high_grid,0.001372460961,0.0125717424,0.04705488359,5.64658603
jetson_high_grid,0.001525222957,0.01397104228,0.04182848863,5.019418636
jetson_high_grid,0.001694988151,0.01552609147,0.03723274389,4.467929267
jetson_high_grid,0.001883649089,0.01725422566,0.03318129478,3.981755374
jetson_high_grid,0.002093308965,0.01917471012,0.02960168923,3.552202707
jetson_high_grid,0.002326305067,0.02130895442,0.02643272644,3.171927173
jetson_high_grid,0.00258523484,0.02368075113,0.0236223929,2.834687148
jetson_high_grid,0.002872984833,0.02631654107,0.02112623865,2.535148638
jetson_high_grid,0.003192762888,0.02924570805,0.01890608757,2.268730508
jetson_high_grid,0.003548133892,0.03250090645,0.01692900374,2.031480449
jetson_high_grid,0.003943059525,0.03611842525,0.01516645611,1.819974733
jetson_high_grid,0.004381942422,0.04013859258,0.01359363802,1.631236562
jetson_high_grid,0.004869675252,0.04460622531,0.012188909,1.46266908
jetson_high_grid,0.005411695265,0.04957112863,0.01093333364,1.312000037
jetson_high_grid,0.006014044907,0.05508865135,0.009810298127,1.177235775
jetson_high_grid,0.006683439176,0.06122030285,0.00880518965,1.056622758
jetson_high_grid,0.007427340485,0.06803443884,0.007905126673,0.9486152008
jetson_high_grid,0.008254041853,0.07560702337,0.007098730922,0.8518477106
jetson_high_grid,0.009172759354,0.08402247568,0.006375933627,0.7651120353
jetson_high_grid,0.01019373486,0.09337461131,0.005727810152,0.6873372183
jetson_high_grid,0.01132835021,0.103767688,0.005146438219,0.6175725863
jetson_high_grid,0.01258925412,0.1153175677,0.004624775894,0.5549731073
jetson_high_grid,0.01399050314,0.1281530088,0.004156556178,0.4987867414
jetson_high_grid,0.01554771842,0.1424171007,0.003736195634,0.448343476
jetson_high_grid,0.01727825981,0.1582688598,0.003358714919,0.4030457903
jetson_high_grid,0.01920141939,0.1758850016,0.003019669483,0.362360338
jetson_high_grid,0.02133863656,0.1954619109,0.002715088942,0.325810673
jetson_high_grid,0.02371373706,0.2172178314,0.002441423931,0.2929708717
jetson_high_grid,0.0263531985,0.2413952983,0.002195499391,0.2634599269
jetson_high_grid,0.02928644565,0.2682638421,0.001974473425,0.236936811
jetson_high_grid,0.03254617835,0.2981229937,0.001775800995,0.2130961194
jetson_high_grid,0.03616873614,0.3313056231,0.001597201823,0.1916642187
jetson_high_grid,0.04019450334,0.3681816506,0.001436631971,0.1723958365
jetson_high_grid,0.04466835922,0.4091621704,0.001292258636,0.1550710364
jetson_high_grid,0.04964017837,0.4547040338,0.001162437769,0.1394925323
jetson_high_grid,0.05516538668,0.505314942,0.001045694169,0.1254833003
jetson_high_grid,0.06130557921,0.5615591056,0.00094070377,0.1128844524
jetson_high_grid,0.06812920691,0.6240635353,0.0008462778533,0.1015533424
jetson_high_grid,0.07571233961,0.6935250308,0.0007613489683,0.0913618762
jetson_high_grid,0.08413951416,0.7707179497,0.0006849583628,0.08219500354
jetson_high_grid,0.09350467678,0.8565028393,0.0006162447541,0.0739493705
jetson_high_grid,0.1039122304,0.9518360303,0.0005544342906,0.06653211487
jetson_high_grid,0.1154781985,1.057780298,0.0004988315713,0.05985978856
jetson_high_grid,0.1283315186,1.17551671,0.0004488116086,0.05385739303
jetson_high_grid,0.1426154796,1.306357793,0.0004038126294,0.04845751553
jetson_high_grid,0.1584893192,1.451762164,0.0003633296259,0.04359955511
jetson_high_grid,0.1761299993,1.613350793,0.000326908575,0.03922902899
jetson_high_grid,0.1957341781,1.792925072,0.000294141254,0.03529695048
jetson_high_grid,0.2175204034,1.992486895,0.0002646605918,0.03175927101
jetson_high_grid,0.2417315481,2.21426098,0.000238136496,0.02857637952
jetson_high_grid,0.2686375182,2.460719667,0.0002142721088,0.02571265306
jetson_high_grid,0.2985382619,2.734610479,0.0001928004453,0.02313605344
jetson_high_grid,0.3317671128,3.038986753,0.0001734813744,0.02081776493
jetson_high_grid,0.3686945065,3.377241679,0.0001560989079,0.01873186894
jetson_high_grid,0.4097321098,3.753146126,0.0001404587647,0.01685505176
jetson_high_grid,0.4553374104,4.17089068,0.0001263861826,0.01516634191
jetson_high_grid,0.5060188166,4.63513236,0.0001137239519,0.01364687422
jetson_high_grid,0.5623413252,5.151046539,0.0001023306479,0.01227967775
jetson_high_grid,0.6249328199,5.72438463,9.20790428e-05,0.01104948514
jetson_high_grid,0.6944910714,6.361538214,8.285467718e-05,0.009942561262
jetson_high_grid,0.7717915156,7.069610283,7.455457662e-05,0.008946549194
jetson_high_grid,0.8576958986,7.856494431,6.708609726e-05,0.008050331671
jetson_high_grid,0.9531618832,8.73096285,6.036588789e-05,0.007243906547
jetson_high_grid,1.059253725,9.702764123,5.431895667e-05,0.006518274801
jetson_high_grid,1.177154137,10.7827319,4.88778317e-05,0.005865339804
jetson_high_grid,1.308177474,11.98290566,4.398180616e-05,0.005277816739
jetson_high_grid,1.453784386,13.31666497,3.957625935e-05,0.004749151122
jetson_high_grid,1.615598098,14.79887858,3.561204601e-05,0.004273445521
jetson_high_grid,1.795422513,16.44607022,3.204494698e-05,0.003845393638
jetson_high_grid,1.995262315,18.27660281,2.883517511e-05,0.003460221013
jetson_high_grid,2.217345319,20.31088312,2.594693074e-05,0.003113631689
jetson_high_grid,2.464147308,22.57158934,2.334800186e-05,0.002801760224
jetson_high_grid,2.738419634,25.08392385,2.100940439e-05,0.002521128527
jetson_high_grid,3.043219887,27.87589417,1.890505855e-05,0.002268607025
jetson_high_grid,3.381945983,30.9786252,1.701149772e-05,0.002041379726
jetson_high_grid,3.758374043,34.42670623,1.530760653e-05,0.001836912783
jetson_high_grid,4.176700491,38.2585765,1.377438516e-05,0.001652926219
jetson_high_grid,4.641588834,42.51695372,1.239473736e-05,0.001487368483
jetson_high_grid,5.158221651,47.24931032,1.115327963e-05,0.001338393556
jetson_high_grid,5.732358369,52.50840266,1.003616964e-05,0.001204340357
jetson_high_grid,6.370399471,58.35285916,9.030951775e-06,0.001083714213
jetson_high_grid,7.079457844,64.84783385,8.126418171e-06,0.0009751701805
jetson_high_grid,7.867438077,72.06573278,7.312483724e-06,0.0008774980469
jetson_high_grid,8.74312458,80.08702115,6.580073588e-06,0.0007896088306
jetson_high_grid,9.716279516,89.00112036,5.921021958e-06,0.000710522635
jetson_high_grid,10.79775162,98.90740487,5.327981e-06,0.00063935772
jetson_high_grid,11.99959716,109.91631,4.794338905e-06,0.0005753206685
jetson_high_grid,13.33521432,122.1505632,4.314146153e-06,0.0005176975383
jetson_high_grid,14.81949257,135.7465519,3.882049168e-06,0.0004658459002
jetson_high_grid,16.46897865,150.8558445,3.493230621e-06,0.0004191876746
jetson_high_grid,18.30206106,167.6468793,3.143355708e-06,0.0003772026849
jetson_high_grid,20.33917501,186.3068431,2.828523816e-06,0.0003394228579
jetson_high_grid,22.60303027,207.0437573,2.545225033e-06,0.000305427004
jetson_high_grid,25.11886432,230.0887971,2.290301008e-06,0.000274836121
jetson_high_grid,27.91472369,255.698869,2.060909739e-06,0.0002473091686
jetson_high_grid,31.02177665,284.1594741,1.854493881e-06,0.0002225392657
jetson_high_grid,34.47466066,315.7878916,1.668752238e-06,0.0002002502686
jetson_high_grid,38.3118685,350.9367154,1.501614104e-06,0.0001801936925
jetson_high_grid,42.57617739,389.9977849,1.351216175e-06,0.0001621459409
jetson_high_grid,47.3151259,433.4065532,1.215881775e-06,0.000145905813
jetson_high_grid,52.58154385,481.6469417,1.094102166e-06,0.0001312922599
jetson_high_grid,58.43414134,535.2567347,9.84519722e-07,0.0001181423666
jetson_high_grid,64.93816316,594.8335745,8.859127978e-07,0.0001063095357
jetson_high_grid,72.16611621,661.0416245,7.971821062e-07,9.566185274e-05
jetson_high_grid,80.19857778,734.6189724,7.173384634e-07,8.608061561e-05
jetson_high_grid,89.12509381,816.3858593,6.454917613e-07,7.745901135e-05
jetson_high_grid,99.0451772,907.2538232,5.808410436e-07,6.970092523e-05
jetson_high_grid,110.0694171,1008.235861,5.226655767e-07,6.27198692e-05
jetson_high_grid,122.3207119,1120.457721,4.703168142e-07,5.64380177e-05
jetson_high_grid,135.9356391,1245.170454,4.232111671e-07,5.078534005e-05
jetson_high_grid,151.065978,1383.764359,3.808234976e-07,4.569881972e-05
jetson_high_grid,167.8804018,1537.784481,3.426812646e-07,4.112175176e-05
jetson_high_grid,186.5663579,1708.947838,3.083592558e-07,3.700311069e-05
jetson_high_grid,207.3321573,1899.162561,2.77474847e-07,3.329698163e-05
jetson_high_grid,230.4092976,2110.549166,2.49683737e-07,2.996204844e-05
jetson_high_grid,256.0550428,2345.464192,2.24676109e-07,2.696113309e-05
jetson_high_grid,284.5552919,2606.526474,2.021731768e-07,2.426078122e-05
jetson_high_grid,316.227766,2896.646337,1.819240765e-07,2.183088919e-05
workstation_central,0.001,0.00916,0.042793021,5.13516252
workstation_central,0.001111305166,0.01017955532,0.0383117049,4.597404588
workstation_central,0.001234999173,0.01131259242,0.03431790144,4.118148173
workstation_central,0.001372460961,0.0125717424,0.03075499658,3.69059959
workstation_central,0.001525222957,0.01397104228,0.02757364927,3.308837913
workstation_central,0.001694988151,0.01552609147,0.02473072329,2.967686795
workstation_central,0.001883649089,0.01725422566,0.0221884008,2.662608095
workstation_central,0.002093308965,0.01917471012,0.01991344222,2.389613066
workstation_central,0.002326305067,0.02130895442,0.0178765648,2.145187776
workstation_central,0.00258523484,0.02368075113,0.01605191796,1.926230155
workstation_central,0.002872984833,0.02631654107,0.01441663812,1.729996575
workstation_central,0.003192762888,0.02924570805,0.01295046927,1.554056312
workstation_central,0.003548133892,0.03250090645,0.01163543805,1.396252566
workstation_central,0.003943059525,0.03611842525,0.01045557448,1.254668937
workstation_central,0.004381942422,0.04013859258,0.009396670927,1.127600511
workstation_central,0.004869675252,0.04460622531,0.008446073382,1.013528806
workstation_central,0.005411695265,0.04957112863,0.007592500104,0.9111000125
workstation_central,0.006014044907,0.05508865135,0.006825883589,0.8191060307
workstation_central,0.006683439176,0.06122030285,0.00613723245,0.736467894
workstation_central,0.007427340485,0.06803443884,0.005518510403,0.6622212483
workstation_central,0.008254041853,0.07560702337,0.004962529984,0.5955035981
workstation_central,0.009172759354,0.08402247568,0.004462859001,0.5355430801
workstation_central,0.01019373486,0.09337461131,0.004013738022,0.4816485626
workstation_central,0.01132835021,0.103767688,0.003610007475,0.4332008969
workstation_central,0.01258925412,0.1153175677,0.00324704312,0.3896451743
workstation_central,0.01399050314,0.1281530088,0.002920698851,0.3504838622
workstation_central,0.01554771842,0.1424171007,0.002627255924,0.3152707109
workstation_central,0.01727825981,0.1582688598,0.00236337782,0.2836053383
workstation_central,0.01920141939,0.1758850016,0.002126070089,0.2551284107
workstation_central,0.02133863656,0.1954619109,0.001912644574,0.2295173489
workstation_central,0.02371373706,0.2172178314,0.00172068751,0.2064825012
workstation_central,0.0263531985,0.2413952983,0.001548031052,0.1857637262
workstation_central,0.02928644565,0.2682638421,0.001392727848,0.1671273418
workstation_central,0.03254617835,0.2981229937,0.001253028312,0.1503633975
workstation_central,0.03616873614,0.3313056231,0.001127360292,0.1352832351
workstation_central,0.04019450334,0.3681816506,0.001014310881,0.1217173057
workstation_central,0.04466835922,0.4091621704,0.0009126101238,0.1095132149
workstation_central,0.04964017837,0.4547040338,0.0008211164269,0.09853397123
workstation_central,0.05516538668,0.505314942,0.0007388034783,0.0886564174
workstation_central,0.06130557921,0.5615591056,0.0006647485217,0.07976982261
workstation_central,0.06812920691,0.6240635353,0.0005981218386,0.07177462063
workstation_central,0.07571233961,0.6935250308,0.0005381773124,0.06458127749
workstation_central,0.08413951416,0.7707179497,0.0004842439598,0.05810927517
workstation_central,0.09350467678,0.8565028393,0.0004357183284,0.05228619941
workstation_central,0.1039122304,0.9518360303,0.0003920576709,0.04704692051
workstation_central,0.1154781985,1.057780298,0.0003527738144,0.04233285772
workstation_central,0.1283315186,1.17551671,0.0003174276533,0.03809131839
workstation_central,0.1426154796,1.306357793,0.0002856242021,0.03427490426
workstation_central,0.1584893192,1.451762164,0.0002570081499,0.03084097799
workstation_central,0.1761299993,1.613350793,0.0002312598644,0.02775118373
workstation_central,0.1957341781,1.792925072,0.0002080918015,0.02497101618
workstation_central,0.2175204034,1.992486895,0.000187245277,0.02246943323
workstation_central,0.2417315481,2.21426098,0.0001684875643,0.02021850772
workstation_central,0.2686375182,2.460719667,0.0001516092861,0.01819311433
workstation_central,0.2985382619,2.734610479,0.0001364220673,0.01637064808
workstation_central,0.3317671128,3.038986753,0.0001227564261,0.01473077113
workstation_central,0.3686945065,3.377241679,0.0001104598762,0.01325518515
workstation_central,0.4097321098,3.753146126,9.939522121e-05,0.01192742655
workstation_central,0.4553374104,4.17089068,8.943901948e-05,0.01073268234
workstation_central,0.5060188166,4.63513236,8.048020413e-05,0.009657624496
workstation_central,0.5623413252,5.151046539,7.241884142e-05,0.008690260971
workstation_central,0.6249328199,5.72438463,6.5165014e-05,0.00781980168
workstation_central,0.6944910714,6.361538214,5.863781628e-05,0.007036537954
workstation_central,0.7717915156,7.069610283,5.276445075e-05,0.00633173409
workstation_central,0.8576958986,7.856494431,4.747941494e-05,0.005697529793
workstation_central,0.9531618832,8.73096285,4.272377009e-05,0.00512685241
workstation_central,1.059253725,9.702764123,3.844448308e-05,0.004613337969
workstation_central,1.177154137,10.7827319,3.459383452e-05,0.004151260143
workstation_central,1.308177474,11.98290566,3.112888612e-05,0.003735466335
workstation_central,1.453784386,13.31666497,2.801100152e-05,0.003361320182
workstation_central,1.615598098,14.79887858,2.520541513e-05,0.003024649816
workstation_central,1.795422513,16.44607022,2.268084431e-05,0.002721701317
workstation_central,1.995262315,18.27660281,2.040914028e-05,0.002449096834
workstation_central,2.217345319,20.31088312,1.836497416e-05,0.002203796899
workstation_central,2.464147308,22.57158934,1.65255544e-05,0.001983066528
workstation_central,2.738419634,25.08392385,1.487037258e-05,0.00178444471
workstation_central,3.043219887,27.87589417,1.338097463e-05,0.001605716956
workstation_central,3.381945983,30.9786252,1.204075506e-05,0.001444890607
workstation_central,3.758374043,34.42670623,1.083477172e-05,0.001300172607
workstation_central,4.176700491,38.2585765,9.749579204e-06,0.001169949505
workstation_central,4.641588834,42.51695372,8.773078878e-06,0.001052769465
workstation_central,5.158221651,47.24931032,7.894383988e-06,0.0009473260785
workstation_central,5.732358369,52.50840266,7.103698249e-06,0.0008524437899
workstation_central,6.370399471,58.35285916,6.392206617e-06,0.0007670647941
workstation_central,7.079457844,64.84783385,5.751976994e-06,0.0006902372393
workstation_central,7.867438077,72.06573278,5.175871783e-06,0.000621104614
workstation_central,8.74312458,80.08702115,4.657468308e-06,0.0005588961969
workstation_central,9.716279516,89.00112036,4.190987197e-06,0.0005029184636
workstation_central,10.79775162,98.90740487,3.77122795e-06,0.0004525473541
workstation_central,11.99959716,109.91631,3.393510955e-06,0.0004072213146
workstation_central,13.33521432,122.1505632,3.05362531e-06,0.0003664350372
workstation_central,14.81949257,135.7465519,2.74778188e-06,0.0003297338256
workstation_central,16.46897865,150.8558445,2.472571049e-06,0.0002967085259
workstation_central,18.30206106,167.6468793,2.224924706e-06,0.0002669909648
workstation_central,20.33917501,186.3068431,2.002082042e-06,0.000240249845
workstation_central,22.60303027,207.0437573,1.801558766e-06,0.000216187052
workstation_central,25.11886432,230.0887971,1.621119414e-06,0.0001945343297
workstation_central,27.91472369,255.698869,1.45875242e-06,0.0001750502904
workstation_central,31.02177665,284.1594741,1.312647696e-06,0.0001575177236
workstation_central,34.47466066,315.7878916,1.18117645e-06,0.000141741174
workstation_central,38.3118685,350.9367154,1.062873025e-06,0.000127544763
workstation_central,42.57617739,389.9977849,9.564185632e-07,0.0001147702276
workstation_central,47.3151259,433.4065532,8.606263007e-07,0.0001032751561
workstation_central,52.58154385,481.6469417,7.744283375e-07,9.29314005e-05
workstation_central,58.43414134,535.2567347,6.968637325e-07,8.362364789e-05
workstation_central,64.93816316,594.8335745,6.2706779e-07,7.524813479e-05
workstation_central,72.16611621,661.0416245,5.642624206e-07,6.771149047e-05
workstation_central,80.19857778,734.6189724,5.077474664e-07,6.092969597e-05
workstation_central,89.12509381,816.3858593,4.568928959e-07,5.482714751e-05
workstation_central,99.0451772,907.2538232,4.111317799e-07,4.933581359e-05
workstation_central,110.0694171,1008.235861,3.699539715e-07,4.439447658e-05
workstation_central,122.3207119,1120.457721,3.329004187e-07,3.994805024e-05
workstation_central,135.9356391,1245.170454,2.995580472e-07,3.594696567e-05
workstation_central,151.065978,1383.764359,2.695551552e-07,3.234661862e-05
workstation_central,167.8804018,1537.784481,2.425572693e-07,2.910687232e-05
workstation_central,186.5663579,1708.947838,2.182634164e-07,2.619160997e-05
workstation_central,207.3321573,1899.162561,1.96402768e-07,2.356833216e-05
workstation_central,230.4092976,2110.549166,1.767316209e-07,2.120779451e-05
workstation_central,256.0550428,2345.464192,1.590306808e-07,1.90836817e-05
workstation_central,284.5552919,2606.526474,1.431026172e-07,1.717231407e-05
workstation_central,316.227766,2896.646337,1.287698637e-07,1.545238364e-05
