scenario,configuration,platform,cell_power_w,compute_power_w,edge_kwh,edge_carbon,hardware_carbon,edge_cell_carbon,delta_C_vs_L0,edge_share_of_benefit
precision_component,jetson_patchcore_fp16,Jetson Orin Nano,15.956,3.956,0.008864444444,0.002145195556,0.004673888889,0.006819084444,0.4868027205,0.01400790126
precision_component,jetson_patchcore_fp32,Jetson Orin Nano,17.59931548,5.599315478,0.009777397488,0.002366130192,0.004673888889,0.007040019081,0.4865817859,0.01446831609
precision_component,jetson_padim_fp16,Jetson Orin Nano,17.07327125,5.073271254,0.009485150696,0.002295406469,0.004673888889,0.006969295357,0.4866525096,0.0143208865
precision_component,jetson_padim_fp32,Jetson Orin Nano,17.61408347,5.614083474,0.00978560193,0.002368115667,0.004673888889,0.007042004556,0.4865798004,0.0144724556
precision_component,workstation_patchcore_fp32,Workstation GPU,35.344,10.344,0.01963555556,0.004751804444,0.008229166667,0.01298097111,0.4806408339,0.02700763272
machined_metal,jetson_patchcore_fp16,Jetson Orin Nano,15.956,3.956,0.1329666667,0.03217793333,0.07010833333,0.1022862667,47.7320746,0.002142925224
machined_metal,jetson_patchcore_fp32,Jetson Orin Nano,17.59931548,5.599315478,0.1466609623,0.03549195288,0.07010833333,0.1056002862,47.72876058,0.002212508453
machined_metal,jetson_padim_fp16,Jetson Orin Nano,17.07327125,5.073271254,0.1422772604,0.03443109703,0.07010833333,0.1045394304,47.72982144,0.002190233008
machined_metal,jetson_padim_fp32,Jetson Orin Nano,17.61408347,5.614083474,0.1467840289,0.03552173501,0.07010833333,0.1056300683,47.7287308,0.00221313382
machined_metal,workstation_patchcore_fp32,Workstation GPU,35.344,10.344,0.2945333333,0.07127706667,0.1234375,0.1947145667,47.6396463,0.004087237874
high_value_component,jetson_patchcore_fp16,Jetson Orin Nano,15.956,3.956,0.5318666667,0.1287117333,0.2804333333,0.4091450667,2141.956745,0.0001910146261
high_value_component,jetson_patchcore_fp32,Jetson Orin Nano,17.59931548,5.599315478,0.5866438493,0.1419678115,0.2804333333,0.4224011449,2141.943489,0.0001972046168
high_value_component,jetson_padim_fp16,Jetson Orin Nano,17.07327125,5.073271254,0.5691090418,0.1377243881,0.2804333333,0.4181577214,2141.947732,0.0001952231211
high_value_component,jetson_padim_fp32,Jetson Orin Nano,17.61408347,5.614083474,0.5871361158,0.14208694,0.2804333333,0.4225202734,2141.94337,0.0001972602447
high_value_component,workstation_patchcore_fp32,Workstation GPU,35.344,10.344,1.178133333,0.2851082667,0.49375,0.7788582667,2141.587032,0.0003636827526
