scenario,parameter,prcc,p_value
precision_component,ai_recall,0.9421390867,0
precision_component,grid_carbon_factor,-0.5486518789,0
precision_component,material_carbon_factor,0.4701090332,0
precision_component,part_mass,0.3556787219,6.210558592e-295
precision_component,rework_energy,-0.3032695942,5.404099871e-211
precision_component,material_recovery_fraction,-0.2958419193,2.079187407e-200
precision_component,defect_prevalence,0.2563745305,2.72868647e-149
precision_component,manual_discovery_delay,0.2219985374,1.734171407e-111
precision_component,manual_inspection_recall,-0.2209708204,1.890590289e-110
precision_component,reworkability_time_constant,-0.2095593016,2.77421325e-99
precision_component,collateral_multiplier,-0.1143458764,2.363647171e-30
precision_component,base_reworkability,0.08739693335,2.348901489e-18
precision_component,persistence_recall_loss,-0.071826237,7.089625075e-13
precision_component,recycling_burden,0.06704360666,2.103627224e-11
precision_component,freight_carbon_intensity,-0.04292262406,1.821221946e-05
precision_component,return_distance,-0.02500628779,0.01255758939
precision_component,review_time,-0.01963971415,0.04996333097
precision_component,line_throughput,0.01836251572,0.06683590463
precision_component,review_station_power,-0.01384754844,0.1669460617
precision_component,nominal_false_alarm_rate@B2_EMA_kofN,0.0135810281,0.1752645458
precision_component,host_power,-0.0129847787,0.1949873818
precision_component,edge_idle_power,-0.01099391363,0.2725316523
precision_component,manual_inspection_time,0.01004117415,0.3162674905
precision_component,edge_lifetime_hours,0.009764117783,0.329806014
precision_component,detection_delay@B1_EMA,-0.009251959024,0.3558057755
precision_component,alerts_per_defect@B0_Raw,-0.008783717853,0.3806755799
precision_component,glare_burst_rate,-0.008704932738,0.384962656
precision_component,nominal_false_alarm_rate@B0_Raw,-0.0085659626,0.3925962725
precision_component,detection_delay@B2_EMA_kofN,-0.008073201948,0.4203943436
precision_component,detection_delay@B3_Full_Policy,-0.00787656921,0.4318019023
precision_component,edge_active_power,-0.007500883742,0.4540886769
precision_component,alerts_per_defect@B2_EMA_kofN,-0.006392970468,0.5234478339
precision_component,alerts_per_defect@B3_Full_Policy,-0.004733592285,0.6366227028
precision_component,nominal_false_alarm_rate@B1_EMA,0.003725017053,0.710066651
precision_component,edge_embodied_carbon,-0.003383753185,0.7355837483
precision_component,detection_delay@B0_Raw,0.002845658532,0.7764074266
precision_component,alerts_per_defect@B1_EMA,-0.001666949965,0.8678692723
precision_component,nominal_false_alarm_rate@B3_Full_Policy,0.0005639110382,0.9551190494
machined_metal,ai_recall,0.9613236838,0
machined_metal,manual_inspection_recall,-0.3037825947,9.773221391e-212
machined_metal,material_carbon_factor,-0.1926950791,5.920557395e-84
machined_metal,material_recovery_fraction,-0.1913766548,8.176094657e-83
machined_metal,manual_discovery_delay,0.1483854224,3.730875807e-50
machined_metal,grid_carbon_factor,-0.1374316779,3.296536946e-43
machined_metal,reworkability_time_constant,-0.1250183783,5.361052207e-36
machined_metal,recycling_burden,0.1098128841,4.137146205e-28
machined_metal,persistence_recall_loss,-0.09442492809,3.556299215e-21
machined_metal,defect_prevalence,0.0881502635,1.199392813e-18
machined_metal,collateral_multiplier,-0.07991608976,1.364921028e-15
machined_metal,part_mass,0.05987146912,2.22213712e-09
machined_metal,base_reworkability,0.05681439072,1.388581899e-08
machined_metal,rework_energy,-0.03634404964,0.0002851626624
machined_metal,freight_carbon_intensity,-0.02764618114,0.005785799886
machined_metal,manual_inspection_time,-0.02183330878,0.02931129841
machined_metal,alerts_per_defect@B2_EMA_kofN,-0.01916949332,0.05570512795
machined_metal,edge_idle_power,-0.01775925614,0.07630256229
machined_metal,edge_active_power,-0.01655872685,0.09838940923
machined_metal,glare_burst_rate,-0.01538844178,0.1245646526
machined_metal,edge_embodied_carbon,-0.01294910651,0.1962169768
machined_metal,nominal_false_alarm_rate@B0_Raw,-0.01268117215,0.2056344435
machined_metal,alerts_per_defect@B3_Full_Policy,-0.01131337014,0.258840237
machined_metal,alerts_per_defect@B0_Raw,-0.009517888436,0.3421484747
machined_metal,detection_delay@B0_Raw,0.00835232495,0.4045087832
machined_metal,return_distance,-0.007873964877,0.4319541851
machined_metal,edge_lifetime_hours,-0.007581357232,0.4492608978
machined_metal,review_station_power,-0.006351059236,0.5261743194
machined_metal,detection_delay@B3_Full_Policy,-0.005238401,0.6011078168
machined_metal,detection_delay@B2_EMA_kofN,-0.00514967076,0.6072852584
machined_metal,detection_delay@B1_EMA,0.005098028891,0.6108935842
machined_metal,nominal_false_alarm_rate@B2_EMA_kofN,0.004721092905,0.6375132152
machined_metal,review_time,0.003866094652,0.6996102822
machined_metal,nominal_false_alarm_rate@B1_EMA,-0.001726830083,0.8631688632
machined_metal,line_throughput,0.001657532693,0.8686089295
machined_metal,nominal_false_alarm_rate@B3_Full_Policy,-0.001001776418,0.920360505
machined_metal,alerts_per_defect@B1_EMA,0.0001319468955,0.9894932776
machined_metal,host_power,-0.0001065675654,0.9915141082
high_value_component,ai_recall,0.9728971856,0
high_value_component,manual_inspection_recall,-0.3562915832,5.147792e-296
high_value_component,collateral_multiplier,-0.335698863,5.712304441e-261
high_value_component,material_recovery_fraction,-0.2737343131,9.91707881e-171
high_value_component,recycling_burden,0.2262011426,8.73534427e-116
high_value_component,base_reworkability,0.1189320726,1.024967931e-32
high_value_component,persistence_recall_loss,-0.1094385125,6.278593707e-28
high_value_component,defect_prevalence,0.099204706,3.229701414e-23
high_value_component,part_mass,0.0375477835,0.0001777697594
high_value_component,grid_carbon_factor,-0.02384260293,0.01731804159
high_value_component,freight_carbon_intensity,-0.01985171939,0.04754166184
high_value_component,manual_inspection_time,-0.01943332988,0.05241928941
high_value_component,edge_active_power,-0.0193423846,0.05353313764
high_value_component,alerts_per_defect@B3_Full_Policy,-0.01799196142,0.07252878742
high_value_component,alerts_per_defect@B2_EMA_kofN,-0.01448753497,0.1481869469
high_value_component,alerts_per_defect@B0_Raw,-0.0137672691,0.1694198593
high_value_component,nominal_false_alarm_rate@B0_Raw,-0.01268589649,0.2054655953
high_value_component,edge_idle_power,-0.01240081608,0.2158356245
high_value_component,review_station_power,-0.01233913338,0.2181281318
high_value_component,rework_energy,0.01207650579,0.2280847858
high_value_component,edge_lifetime_hours,-0.0119264654,0.2339162963
high_value_component,material_carbon_factor,-0.01151527416,0.2504368321
high_value_component,nominal_false_alarm_rate@B2_EMA_kofN,0.01084779576,0.2789563145
high_value_component,nominal_false_alarm_rate@B3_Full_Policy,0.009958653363,0.320261232
high_value_component,detection_delay@B1_EMA,0.009732830281,0.3313581395
high_value_component,return_distance,-0.009505441999,0.3427801085
high_value_component,edge_embodied_carbon,-0.008285003446,0.4083069919
high_value_component,detection_delay@B2_EMA_kofN,-0.007161882119,0.474744064
high_value_component,review_time,0.007054197581,0.4814116408
high_value_component,manual_discovery_delay,-0.005400414376,0.5899022208
high_value_component,glare_burst_rate,-0.004907318025,0.6243004853
high_value_component,host_power,-0.004658427384,0.6419856599
high_value_component,reworkability_time_constant,-0.003295650237,0.7422204033
high_value_component,alerts_per_defect@B1_EMA,-0.002566579855,0.7978342379
high_value_component,detection_delay@B3_Full_Policy,-0.002508696677,0.802298054
high_value_component,detection_delay@B0_Raw,0.002173616323,0.8282612028
high_value_component,nominal_false_alarm_rate@B1_EMA,0.001045459122,0.9169001243
high_value_component,line_throughput,0.0001542498872,0.9877174558
