scenario,regime,kind,recall,delay_s,false_alarm_rate_per_h,t_fu_h,defects,n_rework,n_scrap,n_escape,q_rw,gross_scrap_kg,net_loss_kg,operator_hours,rho,edge_kwh,review_kwh,rework_kwh,total_kwh,carbon_mat,carbon_recycle,carbon_rework,carbon_review,carbon_edge,carbon_hardware,carbon_escape,carbon_total
precision_component,N0_NoInspection,none,0,0,0,0.5555555556,46,0,0,46,0.9,0,0,0,0,0,0,0,0,0,0,0,0,0,0,2.76241293,2.76241293
precision_component,L0_Manual,manual,0.75,60,0,0.5555555556,46,2.941512381,31.55848762,11.5,0.1218017549,0.4733773143,0.2840263886,0.5555555556,1,0,0.04722222222,0.1470756191,0.1942978413,1.067939221,0.02878134071,0.03559229981,0.01142777778,0,0,0.6906032325,1.834343872
precision_component,B0_Raw,ai,0.792,0.00138889,4047.06,0.5555555556,46,22.95109742,13.48090258,9.568,0.8999583343,0.2022135386,0.1213281232,125.0504482,225.0908067,0.008864444444,10.6292881,1.147554871,11.78570741,0.4561937432,0.01229458315,0.2777082788,2.572287719,0.002145195556,0.004673888889,0.5745818894,3.899885298
precision_component,B1_EMA,ai,0.792,0.01210316667,192.6,0.5555555556,46,22.94290207,13.48909793,9.568,0.8996369782,0.2023364689,0.1214018813,94.18277893,169.5290021,0.008864444444,8.005536209,1.147145104,9.161545757,0.4564710738,0.01230205731,0.2776091151,1.937339763,0.002145195556,0.004673888889,0.5745818894,3.265122983
precision_component,B2_EMA_kofN,ai,0.792,0.1121033333,181.05714,0.5555555556,46,22.86655293,13.56544707,9.568,0.8966431758,0.2034817061,0.1220890237,95.9187526,172.6537547,0.008864444444,8.153093971,1.143327646,9.305286062,0.459054729,0.01237168773,0.2766852904,1.973048741,0.002145195556,0.004673888889,0.5745818894,3.302561422
precision_component,B3_Full_Policy,ai,0.792,0.1121033333,21.271429,0.5555555556,46,22.86655293,13.56544707,9.568,0.8966431758,0.2034817061,0.1220890237,0.8764448359,1.577600705,0.008864444444,0.07449781105,1.143327646,1.226689902,0.459054729,0.01237168773,0.2766852904,0.01802847027,0.002145195556,0.004673888889,0.5745818894,1.347541151
machined_metal,N0_NoInspection,none,0,0,0,8.333333333,30,0,0,30,0.85,0,0,0,0,0,0,0,0,0,0,0,0,0,0,362.7561375,362.7561375
machined_metal,L0_Manual,manual,0.75,120,0,8.333333333,30,1.552972375,20.94702762,7.5,0.1150349908,26.18378453,3.92756768,2.777777778,0.3333333333,0,0.2361111111,2.795350275,3.031461386,35.97651995,40.2837525,0.6764747666,0.05713888889,0,0,90.68903437,167.6829205
machined_metal,B0_Raw,ai,0.792,0.00138889,4047.06,8.333333333,30,12.1173195,11.6426805,6.24,0.8499803243,14.55335062,2.183002593,619.2075387,74.30490464,0.1329666667,52.63264079,21.81117511,74.57678256,19.99630375,22.39032993,5.278304376,12.73709907,0.03217793333,0.07010833333,75.4532766,135.9576
machined_metal,B1_EMA,ai,0.792,0.01210316667,192.6,8.333333333,30,12.11515589,11.64484411,6.24,0.8498285558,14.55605514,2.18340827,87.010508,10.44126096,0.1329666667,7.39589318,21.8072806,29.33614045,20.00001976,22.39449083,5.277361906,1.78980615,0.03217793333,0.07010833333,75.4532766,125.0172415
machined_metal,B2_EMA_kofN,ai,0.792,0.1121033333,181.05714,8.333333333,30,12.09498075,11.66501925,6.24,0.8484133521,14.58127406,2.18719111,86.609193,10.39310316,0.1329666667,7.361781405,21.77096535,29.26571342,20.03467057,22.43329015,5.268573614,1.7815511,0.03217793333,0.07010833333,75.4532766,125.0736483
machined_metal,B3_Full_Policy,ai,0.792,0.1121033333,21.271429,8.333333333,30,12.09498075,11.66501925,6.24,0.8484133521,14.58127406,2.18719111,3.397508939,0.4077010727,0.1329666667,0.2887882598,21.77096535,22.19272027,20.03467057,22.43329015,5.268573614,0.06988675887,0.03217793333,0.07010833333,75.4532766,123.361984
high_value_component,N0_NoInspection,none,0,0,0,33.33333333,76.7,0,0,76.7,0.7,0,0,0,0,0,0,0,0,0,0,0,0,0,0,18078.55099,18078.55099
high_value_component,L0_Manual,manual,0.75,600,0,33.33333333,76.7,1.507232332e-12,57.525,19.175,6.550336078e-14,834.1125,333.645,8.333333333,0.25,0,0.7083333333,8.289777824e-12,0.7083333333,4504.2075,1401.309,2.006126233e-12,0.1714166667,0,0,4519.637747,10425.32566
high_value_component,B0_Raw,ai,0.792,0.00138889,4047.06,33.33333333,76.7,17.00781086,43.73858914,15.9536,0.6999513905,634.2095425,253.683817,2394.392913,71.83178738,0.5318666667,203.5233976,93.54295973,297.598224,3424.73153,1065.472031,22.63739625,49.25266222,0.1287117333,0.2804333333,3760.338606,8322.84137
high_value_component,B1_EMA,ai,0.792,0.01210316667,192.6,33.33333333,76.7,16.99870198,43.74769802,15.9536,0.6995765173,634.3416213,253.7366485,261.0660321,7.831980964,0.5318666667,22.19061273,93.49286089,116.2153403,3425.444755,1065.693924,22.62527234,5.370128281,0.1287117333,0.2804333333,3760.338606,8279.88183
high_value_component,B2_EMA_kofN,ai,0.792,0.1121033333,181.05714,33.33333333,76.7,16.91392046,43.83247954,15.9536,0.6960873591,635.5709533,254.2283813,257.7260875,7.731782626,0.5318666667,21.90671744,93.02656253,115.4651466,3432.083148,1067.759202,22.51242813,5.30142562,0.1287117333,0.2804333333,3760.338606,8288.403954
high_value_component,B3_Full_Policy,ai,0.792,0.1121033333,21.271429,33.33333333,76.7,16.91392046,43.83247954,15.9536,0.6960873591,635.5709533,254.2283813,12.95043154,0.3885129461,0.5318666667,1.100786681,93.02656253,94.65921588,3432.083148,1067.759202,22.51242813,0.2663903767,0.1287117333,0.2804333333,3760.338606,8283.368919
