scenario,parameter,S1,S1_lo,S1_hi,ST,ST_lo,ST_hi,n_base
precision_component,ai_recall,0.7263865105,0.7049743951,0.7443246709,0.8547969133,0.8313475346,0.8819400567,16384
precision_component,material_carbon_factor,0.0268225357,0.02069206393,0.03424127191,0.07627434262,0.07324540079,0.07911241048,16384
precision_component,defect_prevalence,0.007910406516,0.001931070648,0.01398182998,0.07083651913,0.06847990257,0.0736994654,16384
precision_component,grid_carbon_factor,0.03869796045,0.03357746191,0.04357215979,0.0501520717,0.04829767895,0.05202652739,16384
precision_component,part_mass,0.01403988282,0.009642294442,0.01912532325,0.03942240176,0.03779341952,0.04096195682,16384
precision_component,rework_energy,0.009871954426,0.007257610016,0.01220636895,0.0138717522,0.01327122791,0.01442364117,16384
precision_component,material_recovery_fraction,0.01085094779,0.007845012865,0.01340100933,0.01326877308,0.01288953118,0.01368016559,16384
precision_component,manual_discovery_delay,0.005930679269,0.003820215159,0.008116768322,0.008501561412,0.008187650412,0.00884798459,16384
precision_component,reworkability_time_constant,0.005511796692,0.003547028192,0.007633341026,0.007411144119,0.007169431726,0.007674882199,16384
precision_component,collateral_multiplier,0.001438843338,-0.0001871018448,0.003291077608,0.006137815419,0.005864996052,0.00647894883,16384
precision_component,manual_inspection_recall,0.005151129516,0.003444938072,0.006602677215,0.005805440632,0.00567093368,0.006004995742,16384
precision_component,base_reworkability,0.0007446047886,0.0001040718389,0.001599039287,0.001037542692,0.0009960760701,0.001091603695,16384
precision_component,return_distance,0.0001790434949,-0.0003826350705,0.0008162015165,0.0006876461532,0.0006466564326,0.00073390767,16384
precision_component,freight_carbon_intensity,0.0001197939333,-0.0004723850076,0.0006256378349,0.0006149890805,0.0005863525497,0.0006529487722,16384
precision_component,persistence_recall_loss,0.0004849550024,-0.0001321815391,0.0009994634527,0.0005607041077,0.0005427068367,0.0005815140193,16384
precision_component,recycling_burden,0.0004214957219,-0.0001948703054,0.0009663269857,0.0004887999058,0.0004751357116,0.0005045757616,16384
precision_component,review_time,9.645714059e-05,-0.0001021386104,0.0003249791328,9.274777227e-05,8.88385121e-05,9.643676971e-05,16384
precision_component,manual_inspection_time,8.296942246e-05,-0.0001198192854,0.0002716505795,8.566283059e-05,8.29964375e-05,8.835234619e-05,16384
precision_component,line_throughput,2.528275522e-05,-8.374230645e-05,0.0001377529863,2.355562596e-05,2.279674918e-05,2.432205182e-05,16384
precision_component,glare_burst_rate,-1.414114968e-05,-9.343018495e-05,5.970862122e-05,1.003896165e-05,9.658611722e-06,1.038126825e-05,16384
precision_component,review_station_power,1.791557728e-05,-4.213586215e-05,7.773113798e-05,7.597661207e-06,7.212439631e-06,7.984770656e-06,16384
precision_component,alerts_per_defect@B3_Full_Policy,7.216832532e-06,-2.687100562e-05,4.386417387e-05,3.004528352e-06,2.863053144e-06,3.133411163e-06,16384
precision_component,edge_lifetime_hours,8.344544092e-06,-2.669261895e-05,4.533467488e-05,2.644665919e-06,2.556890497e-06,2.726968834e-06,16384
precision_component,host_power,7.437061798e-07,-4.418920503e-05,3.192869637e-05,2.317006543e-06,2.229594183e-06,2.388389963e-06,16384
precision_component,edge_embodied_carbon,2.142419646e-06,-2.942840719e-05,3.103482069e-05,1.695692864e-06,1.634854473e-06,1.759203771e-06,16384
precision_component,nominal_false_alarm_rate@B3_Full_Policy,-7.033356727e-08,-2.796807391e-06,3.31764659e-06,2.550211563e-08,2.459688141e-08,2.65013751e-08,16384
precision_component,detection_delay@B3_Full_Policy,-3.768410159e-07,-2.102401667e-06,1.39625066e-06,6.979778541e-09,6.697558996e-09,7.303284641e-09,16384
precision_component,edge_active_power,-1.161131144e-08,-3.367321633e-07,3.05806981e-07,2.002342774e-10,1.931060345e-10,2.067992867e-10,16384
precision_component,edge_idle_power,-7.055151756e-09,-9.227280014e-08,8.365839681e-08,1.263706094e-11,1.220370145e-11,1.307292207e-11,16384
precision_component,alerts_per_defect@B0_Raw,0,0,0,0,0,0,16384
precision_component,alerts_per_defect@B1_EMA,0,0,0,0,0,0,16384
precision_component,alerts_per_defect@B2_EMA_kofN,0,0,0,0,0,0,16384
precision_component,detection_delay@B2_EMA_kofN,0,0,0,0,0,0,16384
precision_component,detection_delay@B0_Raw,0,0,0,0,0,0,16384
precision_component,detection_delay@B1_EMA,0,0,0,0,0,0,16384
precision_component,nominal_false_alarm_rate@B2_EMA_kofN,0,0,0,0,0,0,16384
precision_component,nominal_false_alarm_rate@B0_Raw,0,0,0,0,0,0,16384
precision_component,nominal_false_alarm_rate@B1_EMA,0,0,0,0,0,0,16384
machined_metal,ai_recall,0.812466742,0.7896691417,0.829649617,0.9675740229,0.9425211342,0.9921365999,16384
machined_metal,material_carbon_factor,0.01096578795,0.002638289136,0.01859027759,0.11487118,0.109451458,0.1202850576,16384
machined_metal,defect_prevalence,0.0002379382611,-0.004216305116,0.004900318486,0.04865852988,0.04671768019,0.05080509313,16384
machined_metal,part_mass,-0.0002334903097,-0.00206247455,0.001674006542,0.009607309128,0.009184212783,0.01003310343,16384
machined_metal,manual_inspection_recall,0.007500832554,0.005546830045,0.009474165954,0.00905756545,0.008804625478,0.009333888102,16384
machined_metal,collateral_multiplier,0.000863079606,-0.0003858044705,0.002008050066,0.004460985114,0.004280939081,0.004658950911,16384
machined_metal,material_recovery_fraction,0.002720899726,0.001106185736,0.004258211925,0.004136013275,0.003995135113,0.004282666124,16384
machined_metal,manual_discovery_delay,0.001756143803,0.0007128718417,0.002834594977,0.002228172826,0.002152562966,0.002305080946,16384
machined_metal,reworkability_time_constant,0.00118880177,0.0003610671676,0.00204716476,0.001411869862,0.001365803741,0.001455012608,16384
machined_metal,grid_carbon_factor,0.0009670266323,0.0003064886305,0.00169966626,0.001224765052,0.001177473943,0.001268294609,16384
machined_metal,recycling_burden,0.0007334368931,8.359818069e-06,0.001305872663,0.0008432467759,0.000820740842,0.000872142157,16384
machined_metal,persistence_recall_loss,0.0005269095868,-0.0001022702887,0.001104275287,0.0006348166391,0.000613134059,0.0006538912289,16384
machined_metal,base_reworkability,0.000271150612,-9.282110319e-05,0.0005836700979,0.0003466761281,0.0003358778353,0.0003613471107,16384
machined_metal,rework_energy,0.0001663421216,-0.0001246891712,0.0004819644755,0.0002032742187,0.0001954693119,0.0002114524505,16384
machined_metal,return_distance,4.455050669e-05,-0.0002302230172,0.0003161483382,0.0001540469584,0.0001451068811,0.0001633133943,16384
machined_metal,freight_carbon_intensity,4.246716395e-05,-0.0002177227085,0.0002679259547,0.0001378869567,0.0001311989405,0.0001460419626,16384
machined_metal,line_throughput,1.174230907e-06,-1.770541412e-05,2.470186066e-05,8.690580572e-07,8.363388857e-07,9.032469289e-07,16384
machined_metal,glare_burst_rate,-9.607627585e-08,-1.12880706e-05,1.122848442e-05,2.4850624e-07,2.379673513e-07,2.576787063e-07,16384
machined_metal,manual_inspection_time,4.106105421e-07,-9.007752081e-06,8.822435365e-06,2.004810583e-07,1.941677945e-07,2.069798051e-07,16384
machined_metal,review_time,-4.418588652e-07,-6.602445316e-06,7.240103199e-06,1.488581786e-07,1.423356199e-07,1.548287908e-07,16384
machined_metal,edge_lifetime_hours,-9.747641602e-08,-5.874404502e-06,4.888017131e-06,6.554605902e-08,6.325883048e-08,6.791760395e-08,16384
machined_metal,host_power,-3.329981701e-07,-5.97343893e-06,4.650473545e-06,5.738585149e-08,5.493024712e-08,5.921699497e-08,16384
machined_metal,edge_embodied_carbon,1.140542454e-07,-4.502813344e-06,4.237740324e-06,4.220822041e-08,4.042753233e-08,4.37997935e-08,16384
machined_metal,review_station_power,4.730322916e-07,-2.120222168e-06,3.279990944e-06,1.295177324e-08,1.211539895e-08,1.377726634e-08,16384
machined_metal,nominal_false_alarm_rate@B3_Full_Policy,-4.18934504e-08,-4.442314691e-07,5.428224919e-07,6.33992957e-10,6.087026262e-10,6.614166797e-10,16384
machined_metal,detection_delay@B3_Full_Policy,2.649999792e-09,-3.866990899e-07,4.038686824e-07,3.923100871e-10,3.77542512e-10,4.079905128e-10,16384
machined_metal,alerts_per_defect@B3_Full_Policy,1.739020675e-08,-1.490861498e-07,1.908628313e-07,9.289688253e-11,8.831227464e-11,9.664340435e-11,16384
machined_metal,edge_active_power,4.919763161e-09,-5.234081583e-08,5.470930665e-08,4.97276424e-12,4.767668315e-12,5.142459254e-12,16384
machined_metal,edge_idle_power,-5.973859723e-10,-1.307631301e-08,1.203043556e-08,3.136773438e-13,3.017844828e-13,3.245973415e-13,16384
machined_metal,alerts_per_defect@B0_Raw,0,0,0,0,0,0,16384
machined_metal,alerts_per_defect@B1_EMA,0,0,0,0,0,0,16384
machined_metal,alerts_per_defect@B2_EMA_kofN,0,0,0,0,0,0,16384
machined_metal,detection_delay@B2_EMA_kofN,0,0,0,0,0,0,16384
machined_metal,detection_delay@B0_Raw,0,0,0,0,0,0,16384
machined_metal,detection_delay@B1_EMA,0,0,0,0,0,0,16384
machined_metal,nominal_false_alarm_rate@B2_EMA_kofN,0,0,0,0,0,0,16384
machined_metal,nominal_false_alarm_rate@B0_Raw,0,0,0,0,0,0,16384
machined_metal,nominal_false_alarm_rate@B1_EMA,0,0,0,0,0,0,16384
high_value_component,ai_recall,0.8382707913,0.8141268138,0.856322923,0.9640042221,0.9407414737,0.9878729435,16384
high_value_component,material_carbon_factor,0.002371283097,-0.003920362195,0.008511456986,0.06171431304,0.05893499304,0.0642468103,16384
high_value_component,collateral_multiplier,0.0133378794,0.008416944233,0.01785982059,0.05550424255,0.05366950007,0.05782733185,16384
high_value_component,defect_prevalence,-8.640862342e-05,-0.003237874956,0.003345321192,0.02427739863,0.02325988754,0.02544791335,16384
high_value_component,manual_inspection_recall,0.007872485198,0.006000421758,0.009744325122,0.008820774086,0.008603476252,0.009106237297,16384
high_value_component,part_mass,-3.583212212e-05,-0.001837853525,0.001703711232,0.006854139009,0.006597331017,0.00712162264,16384
high_value_component,material_recovery_fraction,0.004374666559,0.002482730556,0.006306835213,0.006482006558,0.006228020286,0.006748290033,16384
high_value_component,recycling_burden,0.002818215525,0.001506757464,0.004000680393,0.003644647058,0.003528565464,0.003769476163,16384
high_value_component,base_reworkability,0.0006816664285,0.0001555639997,0.00119666947,0.0007612600148,0.0007363672026,0.0007897675725,16384
high_value_component,persistence_recall_loss,0.0005961087524,3.081001831e-05,0.001092265777,0.0006325801706,0.0006115268653,0.000651591465,16384
high_value_component,return_distance,9.955608963e-06,-0.000122005315,0.000127921589,3.338886105e-05,3.17132931e-05,3.520102273e-05,16384
high_value_component,freight_carbon_intensity,8.131136798e-06,-0.0001209455605,0.0001123118,3.000113056e-05,2.880786562e-05,3.168695991e-05,16384
high_value_component,grid_carbon_factor,8.165331635e-06,-4.423142222e-05,6.09984576e-05,7.640391414e-06,7.415660117e-06,7.877613632e-06,16384
high_value_component,rework_energy,5.404000852e-06,-1.450364912e-05,2.844626327e-05,1.095411316e-06,1.059623293e-06,1.137657784e-06,16384
high_value_component,reworkability_time_constant,3.638822952e-07,-1.381607279e-05,1.591661723e-05,4.959132972e-07,4.779833777e-07,5.138637715e-07,16384
high_value_component,line_throughput,4.827170993e-08,-1.179304919e-06,1.584187787e-06,4.340303395e-09,4.17766637e-09,4.500257148e-09,16384
high_value_component,detection_delay@B3_Full_Policy,3.030154563e-08,-8.94630182e-07,1.171057381e-06,2.962890543e-09,2.853740707e-09,3.073004706e-09,16384
high_value_component,glare_burst_rate,4.952838334e-08,-6.694004704e-07,7.817983593e-07,1.241105204e-09,1.188971405e-09,1.287090897e-09,16384
high_value_component,review_time,-4.797957535e-08,-5.212294157e-07,4.921200809e-07,6.836434009e-10,6.518767983e-10,7.106659889e-10,16384
high_value_component,manual_inspection_time,2.85979158e-08,-4.674993208e-07,4.365658174e-07,5.632058682e-10,5.442465982e-10,5.808914641e-10,16384
high_value_component,edge_lifetime_hours,8.01689847e-10,-3.909457513e-07,3.547459642e-07,3.27354174e-10,3.162994845e-10,3.378717303e-10,16384
high_value_component,host_power,-2.915634721e-08,-4.419334958e-07,3.05435926e-07,2.865999619e-10,2.750417824e-10,2.960886561e-10,16384
high_value_component,edge_embodied_carbon,4.131150083e-09,-3.208897785e-07,3.233326572e-07,2.107988998e-10,2.020589673e-10,2.190712385e-10,16384
high_value_component,review_station_power,2.937292805e-08,-1.870467924e-07,1.992046667e-07,6.996054542e-11,6.53872562e-11,7.492216368e-11,16384
high_value_component,manual_discovery_delay,-3.606548423e-09,-2.942308935e-08,2.196045617e-08,4.529345612e-12,2.631857381e-12,6.826684323e-12,16384
high_value_component,nominal_false_alarm_rate@B3_Full_Policy,-6.334190434e-09,-3.497876014e-08,3.647025127e-08,3.166326761e-12,3.038266046e-12,3.29364207e-12,16384
high_value_component,alerts_per_defect@B3_Full_Policy,5.583746459e-10,-5.647012042e-09,7.676558225e-09,1.516867368e-13,1.448054193e-13,1.574920321e-13,16384
high_value_component,edge_active_power,2.076603966e-10,-3.810274086e-09,3.307125607e-09,2.483528613e-14,2.395517578e-14,2.571328321e-14,16384
high_value_component,edge_idle_power,-9.360599774e-11,-9.872274894e-10,7.973222667e-10,1.566586753e-15,1.508810445e-15,1.622700101e-15,16384
high_value_component,alerts_per_defect@B0_Raw,0,0,0,0,0,0,16384
high_value_component,alerts_per_defect@B1_EMA,0,0,0,0,0,0,16384
high_value_component,alerts_per_defect@B2_EMA_kofN,0,0,0,0,0,0,16384
high_value_component,detection_delay@B2_EMA_kofN,0,0,0,0,0,0,16384
high_value_component,detection_delay@B0_Raw,0,0,0,0,0,0,16384
high_value_component,detection_delay@B1_EMA,0,0,0,0,0,0,16384
high_value_component,nominal_false_alarm_rate@B2_EMA_kofN,0,0,0,0,0,0,16384
high_value_component,nominal_false_alarm_rate@B0_Raw,0,0,0,0,0,0,16384
high_value_component,nominal_false_alarm_rate@B1_EMA,0,0,0,0,0,0,16384
