scenario,parameter,symbol,low,central,high,delta_c_low,delta_c_high,delta_c_nominal,swing
precision_component,return_logistics_carbon,c_ret,0.05,0.2,1,1.15933186,10.27933186,2.59933186,9.12
precision_component,defect_prevalence,pi,0.025,0.04,0.06,1.623483287,3.900463291,2.59933186,2.276980004
precision_component,manual_inspection_recall,r_L0,0.7,0.75,0.8,3.044401563,2.154262157,2.59933186,0.8901394061
precision_component,grid_carbon_factor,gamma,0.1,0.242,0.716,2.765015904,2.046273855,2.59933186,0.7187420485
precision_component,part_mass,m,0.01,0.015,0.02,2.276915072,2.921748648,2.59933186,0.6448335755
precision_component,ai_recall,r_AI,0.95,0.99,1,2.224450712,2.693052147,2.59933186,0.4686014347
precision_component,material_carbon_factor,EF_mat,2.8,3.5,4.5,2.413500055,2.864805868,2.59933186,0.4513058133
precision_component,rework_energy,e_rw,0.03,0.05,0.08,2.707249882,2.437454827,2.59933186,0.2697950549
precision_component,persistence_recall_loss,delta_r,0,0,0.02,2.59933186,2.411891286,2.59933186,0.1874405739
precision_component,manual_discovery_delay,d_L0,30,60,120,2.500881965,2.648873297,2.59933186,0.1479913313
precision_component,reworkability_time_constant,tau_rw,15,30,60,2.646796725,2.501923165,2.59933186,0.1448735599
precision_component,collateral_multiplier,kappa,0,1,5,2.57413186,2.70013186,2.59933186,0.126
precision_component,material_recovery_fraction,eta,0.3,0.4,0.5,2.656468864,2.542194856,2.59933186,0.1142740078
precision_component,base_reworkability,q0,0.8,0.9,0.95,2.543836826,2.627079377,2.59933186,0.08324255139
precision_component,recycling_burden,EF_rec,0.3,0.5,1,2.584095326,2.637423196,2.59933186,0.05332787031
precision_component,review_time,t_review,30,60,90,2.608953793,2.589709927,2.59933186,0.019243866
precision_component,manual_inspection_time,t_L0,1,2,4,2.593617971,2.610759638,2.59933186,0.01714166667
precision_component,line_throughput,Theta,1200,1800,3600,2.59215247,2.60651125,2.59933186,0.01435877939
precision_component,edge_embodied_carbon,C_hw,150,300,600,2.602109638,2.593776305,2.59933186,0.008333333333
precision_component,host_power,P_host,10,25,60,2.601348527,2.594626305,2.59933186,0.006722222222
precision_component,glare_burst_rate,g,10,30,60,2.601960249,2.595389277,2.59933186,0.006570972222
precision_component,review_station_power,P_station,65,85,120,2.60117094,2.596113471,2.59933186,0.005057468852
precision_component,edge_lifetime_hours,L_hw,20000,30000,45000,2.596554082,2.601183712,2.59933186,0.00462962963
precision_component,alerts_per_defect@B3_Full_Policy,a_B3,1,1.11905,1.25,2.600948107,2.597554057,2.59933186,0.00339405
precision_component,nominal_false_alarm_rate@B3_Full_Policy,lambda_B3,0,0.571429,1.71429,2.599440696,2.599114187,2.59933186,0.0003265087528
precision_component,detection_delay@B3_Full_Policy,d_B3,3.20238,3.3631,3.55372,2.599431292,2.599213953,2.59933186,0.0002173395522
precision_component,gpu_active_power,P_active,7.214,8.363,8.443,2.599486337,2.599321105,2.59933186,0.0001652322222
precision_component,gpu_idle_power,P_idle,1.801,1.981,2.95,2.59935606,2.599201583,2.59933186,0.0001544766667
precision_component,alerts_per_defect@B0_Raw,a_B0,135.154,144.232,153.364,2.59933186,2.59933186,2.59933186,0
precision_component,alerts_per_defect@B2_EMA_kofN,a_B2,146.635,155.208,163.662,2.59933186,2.59933186,2.59933186,0
precision_component,alerts_per_defect@B1_EMA,a_B1,143.576,152.173,160.615,2.59933186,2.59933186,2.59933186,0
precision_component,detection_delay@B1_EMA,d_B1,0.202381,0.363095,0.553571,2.59933186,2.59933186,2.59933186,0
precision_component,detection_delay@B0_Raw,d_B0,0.0119048,0.0416667,0.077381,2.59933186,2.59933186,2.59933186,0
precision_component,detection_delay@B2_EMA_kofN,d_B2,3.20238,3.3631,3.55372,2.59933186,2.59933186,2.59933186,0
precision_component,nominal_false_alarm_rate@B2_EMA_kofN,lambda_B2,0,2.85714,8.57143,2.59933186,2.59933186,2.59933186,0
precision_component,nominal_false_alarm_rate@B0_Raw,lambda_B0,1933.31,3970.86,6299.11,2.59933186,2.59933186,2.59933186,0
precision_component,nominal_false_alarm_rate@B1_EMA,lambda_B1,6.27143,60,123.443,2.59933186,2.59933186,2.59933186,0
machined_metal,defect_prevalence,pi,0.015,0.03,0.05,49.96206748,166.9094581,100.0823778,116.9473907
machined_metal,part_mass,m,1,1.25,1.6,81.73012633,125.7755298,100.0823778,44.04540343
machined_metal,material_carbon_factor,EF_mat,6.5,8.24,10.5,81.56255066,124.1368658,100.0823778,42.57431517
machined_metal,return_logistics_carbon,c_ret,0.5,2,5,89.28237776,121.6823778,100.0823778,32.4
machined_metal,manual_inspection_recall,r_L0,0.7,0.75,0.8,116.2119869,83.95276859,100.0823778,32.25921833
machined_metal,collateral_multiplier,kappa,0,1,5,96.37437776,114.9143778,100.0823778,18.54
machined_metal,ai_recall,r_AI,0.95,0.99,1,86.25673097,103.5387895,100.0823778,17.28205848
machined_metal,grid_carbon_factor,gamma,0.1,0.242,0.716,103.6004254,88.33903549,100.0823778,15.26138996
machined_metal,material_recovery_fraction,eta,0.75,0.85,0.92,106.1616724,95.8268715,100.0823778,10.3348009
machined_metal,manual_discovery_delay,d_L0,60,120,300,95.42087256,102.6601985,100.0823778,7.239325924
machined_metal,reworkability_time_constant,tau_rw,30,60,120,102.378816,95.44555701,100.0823778,6.933259033
machined_metal,persistence_recall_loss,delta_r,0,0,0.02,100.0823778,93.16955436,100.0823778,6.912823394
machined_metal,base_reworkability,q0,0.75,0.85,0.92,97.294376,102.033979,100.0823778,4.739602979
machined_metal,rework_energy,e_rw,1.2,1.8,2.5,102.0521252,97.7843391,100.0823778,4.26778607
machined_metal,recycling_burden,EF_rec,0.4,0.6,1,98.72965513,102.787823,100.0823778,4.058167895
machined_metal,line_throughput,Theta,60,120,240,99.86699607,100.1900686,100.0823778,0.3230725364
machined_metal,edge_embodied_carbon,C_hw,150,300,600,100.1240444,99.99904442,100.0823778,0.125
machined_metal,host_power,P_host,10,25,60,100.1126278,100.0117944,100.0823778,0.1008333333
machined_metal,glare_burst_rate,g,10,30,60,100.1218036,100.023239,100.0823778,0.09856458333
machined_metal,manual_inspection_time,t_L0,5,10,20,100.0538083,100.1395166,100.0823778,0.08570833333
machined_metal,review_time,t_review,30,60,90,100.1184606,100.0462949,100.0823778,0.07216562586
machined_metal,edge_lifetime_hours,L_hw,20000,30000,45000,100.0407111,100.1101555,100.0823778,0.06944444444
machined_metal,review_station_power,P_station,65,85,120,100.0859135,100.0761903,100.0823778,0.009723182749
machined_metal,detection_delay@B3_Full_Policy,d_B3,3.20238,3.3631,3.55372,100.0847361,100.079581,100.0823778,0.005155071874
machined_metal,nominal_false_alarm_rate@B3_Full_Policy,lambda_B3,0,0.571429,1.71429,100.0840103,100.0791127,100.0823778,0.004897631292
machined_metal,alerts_per_defect@B3_Full_Policy,a_B3,1,1.11905,1.25,100.0835899,100.0810444,100.0823778,0.0025455375
machined_metal,gpu_active_power,P_active,7.214,8.363,8.443,100.0846949,100.0822164,100.0823778,0.002478483333
machined_metal,gpu_idle_power,P_idle,1.801,1.981,2.95,100.0827408,100.0804236,100.0823778,0.00231715
machined_metal,alerts_per_defect@B0_Raw,a_B0,135.154,144.232,153.364,100.0823778,100.0823778,100.0823778,0
machined_metal,alerts_per_defect@B2_EMA_kofN,a_B2,146.635,155.208,163.662,100.0823778,100.0823778,100.0823778,0
machined_metal,alerts_per_defect@B1_EMA,a_B1,143.576,152.173,160.615,100.0823778,100.0823778,100.0823778,0
machined_metal,detection_delay@B1_EMA,d_B1,0.202381,0.363095,0.553571,100.0823778,100.0823778,100.0823778,0
machined_metal,detection_delay@B0_Raw,d_B0,0.0119048,0.0416667,0.077381,100.0823778,100.0823778,100.0823778,0
machined_metal,detection_delay@B2_EMA_kofN,d_B2,3.20238,3.3631,3.55372,100.0823778,100.0823778,100.0823778,0
machined_metal,nominal_false_alarm_rate@B2_EMA_kofN,lambda_B2,0,2.85714,8.57143,100.0823778,100.0823778,100.0823778,0
machined_metal,nominal_false_alarm_rate@B0_Raw,lambda_B0,1933.31,3970.86,6299.11,100.0823778,100.0823778,100.0823778,0
machined_metal,nominal_false_alarm_rate@B1_EMA,lambda_B1,6.27143,60,123.443,100.0823778,100.0823778,100.0823778,0
high_value_component,defect_prevalence,pi,0.008,0.015,0.025,828.6335069,2590.946193,1554.291672,1762.312686
high_value_component,collateral_multiplier,kappa,0,1,5,1319.391672,2493.891672,1554.291672,1174.5
high_value_component,material_carbon_factor,EF_mat,18,22.5,28,1258.454464,1915.870481,1554.291672,657.416017
high_value_component,part_mass,m,12,14.5,18,1297.65532,1913.582565,1554.291672,615.9272455
high_value_component,manual_inspection_recall,r_L0,0.7,0.75,0.8,1751.991672,1356.591672,1554.291672,395.4
high_value_component,ai_recall,r_AI,0.95,0.99,1,1371.645943,1599.953104,1554.291672,228.3071607
high_value_component,return_logistics_carbon,c_ret,5,20,60,1500.291672,1698.291672,1554.291672,198
high_value_component,base_reworkability,q0,0.6,0.7,0.8,1467.716318,1640.867026,1554.291672,173.1507083
high_value_component,persistence_recall_loss,delta_r,0,0,0.02,1554.291672,1462.968808,1554.291672,91.32286428
high_value_component,material_recovery_fraction,eta,0.45,0.6,0.75,1578.135235,1530.448109,1554.291672,47.68712606
high_value_component,grid_carbon_factor,gamma,0.1,0.242,0.716,1557.73361,1542.802386,1554.291672,14.93122411
high_value_component,recycling_burden,EF_rec,1,2,4,1549.639269,1563.596477,1554.291672,13.95720763
high_value_component,reworkability_time_constant,tau_rw,10,20,40,1550.904289,1555.992355,1554.291672,5.088066252
high_value_component,rework_energy,e_rw,3.8,5.5,7.5,1555.992712,1552.290449,1554.291672,3.702263131
high_value_component,line_throughput,Theta,15,30,60,1553.430145,1554.722435,1554.291672,1.292290145
high_value_component,edge_embodied_carbon,C_hw,150,300,600,1554.458339,1553.958339,1554.291672,0.5
high_value_component,host_power,P_host,10,25,60,1554.412672,1554.009339,1554.291672,0.4033333333
high_value_component,glare_burst_rate,g,10,30,60,1554.449375,1554.055117,1554.291672,0.3942583333
high_value_component,detection_delay@B3_Full_Policy,d_B3,3.20238,3.3631,3.55372,1554.454028,1554.099167,1554.291672,0.3548606539
high_value_component,edge_lifetime_hours,L_hw,20000,30000,45000,1554.125005,1554.402783,1554.291672,0.2777777778
high_value_component,manual_inspection_time,t_L0,15,30,60,1554.205964,1554.463089,1554.291672,0.257125
high_value_component,review_time,t_review,30,60,90,1554.416063,1554.167281,1554.291672,0.2487823311
high_value_component,review_station_power,P_station,65,85,120,1554.309876,1554.259815,1554.291672,0.05006013581
high_value_component,nominal_false_alarm_rate@B3_Full_Policy,lambda_B3,0,0.571429,1.71429,1554.298202,1554.278611,1554.291672,0.01959052517
high_value_component,gpu_active_power,P_active,7.214,8.363,8.443,1554.30094,1554.291027,1554.291672,0.009913933333
high_value_component,gpu_idle_power,P_idle,1.801,1.981,2.95,1554.293124,1554.283855,1554.291672,0.0092686
high_value_component,alerts_per_defect@B3_Full_Policy,a_B3,1,1.11905,1.25,1554.292278,1554.291005,1554.291672,0.00127276875
high_value_component,manual_discovery_delay,d_L0,300,600,1200,1554.291531,1554.291672,1554.291672,0.0001412327611
high_value_component,alerts_per_defect@B0_Raw,a_B0,135.154,144.232,153.364,1554.291672,1554.291672,1554.291672,0
high_value_component,alerts_per_defect@B2_EMA_kofN,a_B2,146.635,155.208,163.662,1554.291672,1554.291672,1554.291672,0
high_value_component,alerts_per_defect@B1_EMA,a_B1,143.576,152.173,160.615,1554.291672,1554.291672,1554.291672,0
high_value_component,detection_delay@B1_EMA,d_B1,0.202381,0.363095,0.553571,1554.291672,1554.291672,1554.291672,0
high_value_component,detection_delay@B0_Raw,d_B0,0.0119048,0.0416667,0.077381,1554.291672,1554.291672,1554.291672,0
high_value_component,detection_delay@B2_EMA_kofN,d_B2,3.20238,3.3631,3.55372,1554.291672,1554.291672,1554.291672,0
high_value_component,nominal_false_alarm_rate@B2_EMA_kofN,lambda_B2,0,2.85714,8.57143,1554.291672,1554.291672,1554.291672,0
high_value_component,nominal_false_alarm_rate@B0_Raw,lambda_B0,1933.31,3970.86,6299.11,1554.291672,1554.291672,1554.291672,0
high_value_component,nominal_false_alarm_rate@B1_EMA,lambda_B1,6.27143,60,123.443,1554.291672,1554.291672,1554.291672,0
