repeat,stage,duration_s,p_total_w,p_active_w,frames,achieved_fps,n_samples,n_distinct_readings,counter_diag_w,e_frame_total_j,e_frame_active_j,order_position,latency_ms_p50,latency_ms_p95
0,BASELINE_IDLE,15.001112655001634,3.143521243615118,0.0,0,0.0,276,4,,,,,,
0,STAGE_MODEL_POLICY,30.003433379002672,6.245547300570746,3.102026056955628,900,29.99993148215077,550,27,,0.20820873594231595,0.10341270237755393,0.0,11.579387999518076,13.392214697523741
0,STAGE_FULL_PIPELINE,30.01301495399821,6.273695285129234,3.130174041514116,900,29.99066684049702,553,13,,0.20921390045490196,0.10438440035175574,1.0,11.873529496369883,13.851498055737466
0,STAGE_MODEL_THRESHOLD,30.002345228000195,6.286701293830402,3.1431800502152836,900,29.999923886189507,553,11,,0.20957309173646135,0.10478085886702436,2.0,11.804745503468439,13.694011251573102
0,STAGE_MODEL_INFER,30.002318585997273,6.274760504626873,3.131239261011755,900,29.999920156211054,553,9,,0.2091748485673872,0.10438270875317483,3.0,11.815826001111418,13.743567749406793
1,BASELINE_IDLE,15.002298819003045,3.1391462969392694,0.0,0,0.0,275,3,,,,,,
1,STAGE_MODEL_INFER,30.003322332995594,6.238336563144102,3.099190266204833,900,29.99992058621059,551,28,,0.2079675808063605,0.10331778280914004,0.0,11.839534501632443,13.705464250597288
1,STAGE_FULL_PIPELINE,30.016517622003448,6.301435841475618,3.1622895445363484,900,29.987148837445336,552,26,,0.21016351108841888,0.10546768871050285,1.0,11.93837550090393,13.914403499802575
1,STAGE_MODEL_POLICY,30.00252260400157,6.286013976965847,3.146867680026578,900,29.999931692155776,553,19,,0.20955141825887516,0.10490440966866599,2.0,11.696574500092538,13.691530850701383
1,STAGE_MODEL_THRESHOLD,30.002679350996914,6.276532545520538,3.1373862485812682,900,29.999928648171217,553,15,,0.20923643711038792,0.1045888817960121,3.0,11.630422002781415,13.636632745328825
2,BASELINE_IDLE,15.00120605599659,3.149077061819826,0.0,0,0.0,276,4,,,,,,
2,STAGE_MODEL_INFER,30.003473928998574,6.228409926112373,3.079332864292547,900,29.999928984173344,554,36,,0.20763770537469836,0.10265631479167771,0.0,11.643398502201308,13.587285000903648
2,STAGE_MODEL_THRESHOLD,30.002494052001566,6.267789209639021,3.1187121478191955,900,29.999924653187982,553,17,,0.20894367609043815,0.10396571407205606,1.0,11.575737502425909,13.555494901811471
2,STAGE_MODEL_POLICY,30.00227818300482,6.276270339288578,3.127193277468752,900,29.999921374199925,554,14,,0.20922489852341994,0.10424769182515564,2.0,11.63481049661641,13.611970203419332
2,STAGE_FULL_PIPELINE,30.01418220099731,6.27730263175753,3.1282255699377037,900,29.98923298667859,553,21,,0.2093423388004116,0.10432348024658766,3.0,11.717894500179682,13.81043510264135
3,BASELINE_IDLE,15.001165235997178,3.159697963475705,0.0,0,0.0,274,13,,,,,,
3,STAGE_FULL_PIPELINE,30.017169831997307,6.232692825718615,3.0729948622429104,900,29.9882711573173,554,35,,0.2078753322891854,0.1024917874142229,0.0,11.815149500762345,13.82950834595249
3,STAGE_MODEL_POLICY,30.00228348100063,6.27360470968873,3.1139067462130248,900,29.999922184198958,553,16,,0.20913607438646883,0.10380479214809274,1.0,11.811031003162498,13.694308745471062
3,STAGE_MODEL_INFER,30.002479221999238,6.284890222480373,3.1251922590046677,900,29.999932914147344,553,15,,0.2095136536805706,0.10418168423948934,2.0,11.78545550283161,13.652280802489258
3,STAGE_MODEL_THRESHOLD,30.002282257002662,6.275949125294192,3.1162511618184867,900,29.99992827116927,554,17,,0.20921421898629478,0.10388294104510079,3.0,11.781163000705419,13.650434997907723
4,BASELINE_IDLE,15.001650569000049,3.1321547471532085,0.0,0,0.0,274,6,,,,,,
4,STAGE_MODEL_POLICY,30.002802519993566,6.236907616902937,3.1047528697497286,900,29.999917627225553,553,33,,0.2079163417393139,0.10350143024942712,0.0,11.581482001929544,13.588940399858984
4,STAGE_FULL_PIPELINE,30.015459395996004,6.274584671934105,3.1424299247808962,900,29.987801031511484,553,17,,0.20926060160797447,0.10480164201335974,1.0,11.74263749999227,13.748253104859032
4,STAGE_MODEL_THRESHOLD,30.00227659500524,6.278740329797818,3.14658558264461,900,29.999924839189628,551,17,,0.20930722671423177,0.10489414553373257,2.0,11.804539000877412,13.727287394794985
4,STAGE_MODEL_INFER,30.00273383399326,6.2828518371982405,3.150697090045032,900,29.999922275198887,553,16,,0.20944747932208266,0.10503280687128687,3.0,11.816151498351246,13.707022249946021
