parameter,symbol,scope,low,central,high,unit,classification,citation_key,notes
functional_unit,N,all,1000,1000,1000,parts,Scenario definition,none,Functional unit: 1000 consecutively inspected parts
camera_fps,f_cam,all,30,30,30,frames/s,Scenario definition,none,Line camera capture rate; edge model runs continuously at this rate
edge_idle_power,P_idle,all,3.11,3.11,3.162,W,Measured by this study,this_study,Jetson Orin Nano module input power (INA3221 VDD_IN) at idle; median (min-max) across repeats (results/raw/energy_summary_jetson.json); written by scripts/03c
edge_active_power,P_active,all,0.819,0.846,1.038,W,Measured by this study,this_study,Jetson VDD_IN above idle for the full PatchCore pipeline (TensorRT FP16) at 30 FPS; median (min-max) across repeats; written by scripts/03c
host_power,P_host,all,5,12,30,W,Scenario assumption,none,"Carrier board, industrial camera and inspection lighting of the embedded cell (outside the module's VDD_IN rail)"
edge_embodied_carbon,C_hw,all,54.6,168.26,230.32,kgCO2e,Literature-derived,halder2025carbon;gupta2022act,ACT-model embodied carbon of the Jetson Orin Nano 8GB module (central); Jetson Nano 4GB and Orin NX 16GB modules as bounds; carrier board and enclosure excluded
edge_lifetime_hours,L_hw,all,10000,20000,43800,h,Literature-derived,halder2025carbon,5-year device lifetime (Halder et al.) x 2000 / 4000 / 8760 operating hours per year (one shift / two shifts / continuous; assumption)
review_station_power,P_station,all,65,85,120,W,Scenario assumption,none,Operator review or manual-inspection workstation power (display + terminal + lighting)
grid_carbon_factor,gamma,all,0.10,0.242,0.716,kgCO2e/kWh,Official/public dataset,ember2024;cea2024,Central: EU-27 2023 generation intensity (Ember 2024); high: India FY2022-23 weighted average (CEA v19); low: illustrative low-carbon grid (assumption)
manual_inspection_recall,r_L0,all,0.70,0.75,0.80,fraction,Literature-derived,see2012visual,Human visual inspection typically misses 20-30% of defects (See 2012)
collateral_multiplier,kappa,all,0.0,1.0,5.0,-,Scenario assumption,none,Extra system-level damage of a class-C (escape-sensitive) field escape as a multiple of the part's embodied carbon
review_time,t_review,all,30,60,90,s,Derived from Paper A,sengar2026paperA,Operator time per alert; central from Paper A reviewer rate mu = 60 reviews/h; bounds are assumptions
glare_burst_rate,g,all,10,30,60,bursts/h,Scenario assumption,sengar2026paperA,Rate of 1-3 frame glare bursts; central value is the rate assumed in Paper A; bounds are assumptions
ai_recall,r_AI,all,0.1367,0.792,1,fraction,Measured by this study,this_study,Per-part recall of PatchCore at the 99th-percentile calibration threshold on seven MVTec AD categories (median and min-max over categories); written by scripts/03b
persistence_recall_loss,delta_r,all,0,0,0.0261905,fraction,Derived from Paper A,sengar2026paperA,Recall of single-frame thresholding minus that of the full policy (Paper A short-defect runs): central for parts in view >= 30 frames (1 s); upper bound for defects visible only 8 frames (267 ms)
cry_wolf_strength,omega,all,0,0,0,-,Literature-derived,bliss1995probability;wickens2009false,"Share of the alert-reliability shortfall (1-PPV) with which reviewers release true defects: 0 = full compliance (ATC controllers; Wickens 2009), 1 = probability matching (Bliss 1995); fixed at 0 here and swept 0-1 in the cry-wolf analysis"
freight_carbon_intensity,EF_fr,all,0.115,0.195,0.8,kgCO2e/t-km,Literature-derived,glec2023,GLEC Framework v3 Europe well-to-wheel starting points: HGV 0.115 / MGV 0.195 / van 0.800 kgCO2e per t-km
return_distance,d_ret,all,97.5,142.3,593.5,km,Official/public dataset,eurostat2026road,EU road freight average distance per tonne (2025): national 97.5 / all 142.3 / international 593.5 km
edge_idle_power,P_idle,platform:workstation,1.779,1.88,3.238,W,Measured by this study,this_study,Workstation platform: NVML idle power of the RTX laptop GPU; median (min-max) across repeats (results/raw/energy_summary.json); written by scripts/03
edge_active_power,P_active,platform:workstation,7.149,8.464,9.015,W,Measured by this study,this_study,Workstation platform: NVML GPU power above idle for the full PatchCore pipeline at 30 FPS; median (min-max) across repeats; written by scripts/03
host_power,P_host,platform:workstation,10,25,60,W,Scenario assumption,none,Workstation platform: host CPU/RAM/camera/lighting power attributable to the edge cell (not observable via NVML)
edge_embodied_carbon,C_hw,platform:workstation,178,237,600,kgCO2e,Literature-derived,dell2021optiplex,Workstation platform: Non-use share (manufacturing 58.5% + transport 3.3% + end-of-life 1.1%) of the 377 +/- 94 kgCO2e footprint of a Dell OptiPlex 3090 SFF; upper bound allows for a discrete GPU (assumption)
edge_lifetime_hours,L_hw,platform:workstation,8000,16000,35040,h,Literature-derived,dell2021optiplex,Workstation platform: 4-year product lifetime (Dell PCF) x 2000 / 4000 / 8760 operating hours per year (one shift / two shifts / continuous; assumption)
nominal_false_alarm_rate,lambda_B0,policy:B0_Raw,2690.14,4616,6764.17,alarms/h,Derived from Paper A,sengar2026paperA,False alerts per hour on good parts; Paper A mean and 95% bootstrap interval
alerts_per_defect,a_B0,policy:B0_Raw,127.283,137.643,148.078,alerts/defect,Derived from Paper A,sengar2026paperA,Alerts per sustained-defect episode; Paper A mean and 95% bootstrap interval
detection_delay,d_B0,policy:B0_Raw,0.0357143,0.10119,0.196429,frames,Derived from Paper A,sengar2026paperA,Mean detection delay on sustained defects; Paper A mean and 95% bootstrap interval
glare_alerts_per_burst,b_B0,policy:B0_Raw,2.63,2.63,2.63,alerts/burst,Derived from Paper A,sengar2026paperA,Alerts per 1-3 frame glare burst; Paper A mean (no interval reported)
nominal_false_alarm_rate,lambda_B1,policy:B1_EMA,5.14286,40.5714,85.1429,alarms/h,Derived from Paper A,sengar2026paperA,False alerts per hour on good parts; Paper A mean and 95% bootstrap interval
alerts_per_defect,a_B1,policy:B1_EMA,140.56,149.214,158.114,alerts/defect,Derived from Paper A,sengar2026paperA,Alerts per sustained-defect episode; Paper A mean and 95% bootstrap interval
detection_delay,d_B1,policy:B1_EMA,0.339286,0.583333,0.839286,frames,Derived from Paper A,sengar2026paperA,Mean detection delay on sustained defects; Paper A mean and 95% bootstrap interval
glare_alerts_per_burst,b_B1,policy:B1_EMA,4.27,4.27,4.27,alerts/burst,Derived from Paper A,sengar2026paperA,Alerts per 1-3 frame glare burst; Paper A mean (no interval reported)
nominal_false_alarm_rate,lambda_B2,policy:B2_EMA_kofN,0,0,0,alarms/h,Derived from Paper A,sengar2026paperA,False alerts per hour on good parts; Paper A mean and 95% bootstrap interval
alerts_per_defect,a_B2,policy:B2_EMA_kofN,145.291,153.952,162.372,alerts/defect,Derived from Paper A,sengar2026paperA,Alerts per sustained-defect episode; Paper A mean and 95% bootstrap interval
detection_delay,d_B2,policy:B2_EMA_kofN,3.36905,3.65476,3.96429,frames,Derived from Paper A,sengar2026paperA,Mean detection delay on sustained defects; Paper A mean and 95% bootstrap interval
glare_alerts_per_burst,b_B2,policy:B2_EMA_kofN,5.66,5.66,5.66,alerts/burst,Derived from Paper A,sengar2026paperA,Alerts per 1-3 frame glare burst; Paper A mean (no interval reported)
nominal_false_alarm_rate,lambda_B3,policy:B3_Full_Policy,0,0,0,alarms/h,Derived from Paper A,sengar2026paperA,False alerts per hour on good parts; Paper A mean and 95% bootstrap interval
alerts_per_defect,a_B3,policy:B3_Full_Policy,1,1.13095,1.27381,alerts/defect,Derived from Paper A,sengar2026paperA,Alerts per sustained-defect episode; Paper A mean and 95% bootstrap interval
detection_delay,d_B3,policy:B3_Full_Policy,3.36905,3.65476,3.96429,frames,Derived from Paper A,sengar2026paperA,Mean detection delay on sustained defects; Paper A mean and 95% bootstrap interval
glare_alerts_per_burst,b_B3,policy:B3_Full_Policy,0.66,0.66,0.66,alerts/burst,Derived from Paper A,sengar2026paperA,Alerts per 1-3 frame glare burst; Paper A mean (no interval reported)
line_throughput,Theta,precision_component,1200,1800,3600,parts/h,Scenario definition,none,High-volume sensor housing line
line_throughput,Theta,machined_metal,60,120,240,parts/h,Scenario definition,none,CNC cell (30 s nominal cycle)
line_throughput,Theta,high_value_component,15,30,60,parts/h,Scenario definition,none,Battery / power module assembly (2 min nominal cycle)
defect_prevalence,pi,precision_component,0.025,0.046,0.093,fraction,Literature-derived,nguyen2004injection,Measured visual-defect scrap rates (splay/sink/burn/contamination/partial fill) per resin at a production injection-moulding plant: ABS 2.5% / median of five resins 4.6% / glass-filled compound 9.3%
defect_prevalence,pi,machined_metal,0.015,0.030,0.050,fraction,Scenario assumption,none,Defective fraction of inspected parts
defect_prevalence,pi,high_value_component,0.0434,0.0767,0.1,fraction,Literature-derived,yu2024scrap,Li-ion manufacturing scrap rate used as a proxy for defect prevalence: 2030 projection 4.34% / 2023 global average 7.67% / 10% profitability ceiling
part_mass,m,precision_component,0.010,0.015,0.020,kg,Scenario definition,none,Lightweight polymer / light-alloy sensor housing
part_mass,m,machined_metal,1.00,1.25,1.60,kg,Scenario definition,none,Machined aluminium bracket
part_mass,m,high_value_component,12.0,14.5,18.0,kg,Scenario definition,none,Battery / power electronics module
material_carbon_factor,EF_mat,precision_component,3.31,3.76,7.62,kgCO2e/kg,Literature-derived,ice2011,ICE v2.0: general plastics 3.31 / ABS 3.76 / polycarbonate 7.62 kgCO2e/kg
material_carbon_factor,EF_mat,machined_metal,1.81,9.16,14.8,kgCO2e/kg,Literature-derived,ice2011;iai2023,ICE v2.0 aluminium: recycled 1.81 / general with 33% recycled content 9.16 kgCO2e/kg; IAI 2023 global primary aluminium 14.8 kgCO2e/kg
material_carbon_factor,EF_mat,high_value_component,8.91,13.5,27.2,kgCO2e/kg,Literature-derived,ivl2019,IVL C 444: 61-106 kgCO2e per kWh of battery capacity x pack specific energy 0.146 / 0.162 / 0.257 kWh/kg (assumption)
material_recovery_fraction,eta,precision_component,0.30,0.40,0.50,fraction,Scenario assumption,allwood2011material,Mass fraction of scrap recovered for recycling
material_recovery_fraction,eta,machined_metal,0.76,0.81,0.86,fraction,Literature-derived,iai2024recycling,Aluminium recycling efficiency rate (new and old scrap): global 76% / Europe 81% / transport sector 86%; conservative for process scrap
material_recovery_fraction,eta,high_value_component,0.45,0.60,0.75,fraction,Scenario assumption,allwood2011material,Mass fraction of scrap recovered for recycling
recycling_burden,EF_rec,precision_component,0.073,0.152,0.5,kgCO2e/kg,Literature-derived,ruggeri2025postindustrial;jrc2023plastics,Central: mechanical recycling of post-industrial PE-LD (152 kgCO2e/t); bounds: 300 / 700 kWh/t mechanical-recycling electricity (JRC 2023) x EU / India grid factors
recycling_burden,EF_rec,machined_metal,1.45,1.81,2.12,kgCO2e/kg,Literature-derived,ice2011,ICE v2.0 recycled aluminium: cast 1.45 / general 1.81 / extruded 2.12 kgCO2e/kg
recycling_burden,EF_rec,high_value_component,1.0,2.8,6.1,kgCO2e/kg,Literature-derived,machala2025recycling,Industrial Li-ion recycling to battery-grade material: manufacturing-scrap stream 2.8 / end-of-life stream 6.1 kgCO2e per kg output; low bound (low-carbon electricity) is an assumption
rework_energy,e_rw,precision_component,0.03,0.05,0.08,kWh/part,Scenario assumption,none,Electrical energy per rework cycle (reflow / cleaning)
rework_energy,e_rw,machined_metal,1.20,1.80,2.50,kWh/part,Scenario assumption,none,Electrical energy per rework cycle (CNC re-pass / deburr)
rework_energy,e_rw,high_value_component,3.80,5.50,7.50,kWh/part,Scenario assumption,none,Electrical energy per rework cycle (disassembly / test / re-bond)
base_reworkability,q0,precision_component,0.80,0.90,0.95,fraction,Scenario assumption,none,Probability a class-A defect is reworkable if intercepted with zero delay
base_reworkability,q0,machined_metal,0.75,0.85,0.92,fraction,Scenario assumption,none,Probability a class-A defect is reworkable if intercepted with zero delay
base_reworkability,q0,high_value_component,0.60,0.70,0.80,fraction,Scenario assumption,none,Probability a class-A defect is reworkable if intercepted with zero delay
reworkability_time_constant,tau_rw,precision_component,15,30,60,s,Scenario assumption,none,e-folding time of reworkability as the part advances to irreversible downstream steps
reworkability_time_constant,tau_rw,machined_metal,30,60,120,s,Scenario assumption,none,e-folding time of reworkability as the part advances to irreversible downstream steps
reworkability_time_constant,tau_rw,high_value_component,10,20,40,s,Scenario assumption,none,e-folding time of reworkability as the part advances to irreversible downstream steps
manual_discovery_delay,d_L0,precision_component,30,60,120,s,Scenario assumption,none,Time from defect creation to end-of-line manual inspection
manual_discovery_delay,d_L0,machined_metal,60,120,300,s,Scenario assumption,none,Time from defect creation to end-of-line manual inspection
manual_discovery_delay,d_L0,high_value_component,300,600,1200,s,Scenario assumption,none,Time from defect creation to end-of-line manual inspection
manual_inspection_time,t_L0,precision_component,1,2,4,s/part,Scenario assumption,none,Manual end-of-line inspection time per part
manual_inspection_time,t_L0,machined_metal,5,10,20,s/part,Scenario assumption,none,Manual end-of-line inspection time per part
manual_inspection_time,t_L0,high_value_component,15,30,60,s/part,Scenario assumption,none,Manual end-of-line inspection time per part
